Dept,JobDate,jobno,Vehicleid,UnitNo,Reason,Notes,CostParts,CostLabor,CostTotal
2111,03/27/2015 12:00:00 AM,14415,X01917      ,282,13    SNOW BREAKDOWN,"HYD LEAKSENT TO CAT TO REPAIR/REPLACE MAIN HYDRAULIC CONTROL VALVE AND ASSYHO PENNINVOICE WOCE0581604$9,083.02",9083.02,0,9083.02
2111,03/02/2015 12:00:00 AM,14709,B24602      ,797,22    CONVERSION,INSTALLATION OF A NEW POLYCAST SANDER -FISHERBOBCAT OF STRATFORDINVOICE 02-58848$4995.95,4995.95,0,4995.95
2111,03/05/2015 12:00:00 AM,14773,1227,241,13    SNOW BREAKDOWN,CHECK REAR-END (BROKEN AXLE)TOW FROM CRANE ROADBILLS TOWINGINVOICE 163457$175.00,4972.21,0,4972.21
2111,03/26/2015 12:00:00 AM,14735,B31276      ,177,13    SNOW BREAKDOWN,"CHECK NOISE IN REAR- END (DIFF)TOWED FROM VEHICLE MAINTENANCE TO INTERSTATE FORD IN MILFORDBILLS TOWING, INVOICE 165003$250.00GABRIELLI FORDREPLACE REAR , BEARINGS, SEALSU-JOINTSINVOICE 85031MS      $4570.80",4820.8,0,4820.8
2111,01/09/2015 12:00:00 AM,14107,1467,121,08    PM SERVICE              ***,"REMOVE & REPLACE REAR SPRINGS, CHECK COOLANT TUBESPM SERVIVE",4697.55,0,4697.55
2135,02/24/2015 12:00:00 AM,14282,C36323      ,448,04    DRIVER'S REPORT,DASHPM SERVICECHECK TUNE UP,3497.83,0,3497.83
2143,02/18/2015 12:00:00 AM,14397,4830,354,04    DRIVER'S REPORT,TIRES ?RED LIGHT ON IN DASH UNIT NOT REJENSENT TO GABRIOELLI INVOICE 84461MS$767.64,3172.64,0,3172.64
2135,03/26/2015 12:00:00 AM,14925,C95216      ,435,01    BREAKDOWN            ***,"TRUCK WON'T RUN, TOWED TO GABRIELLI FORD GABRIELLI FORD \RE-MAN TURBO, EGR VALVE, CARRIER BEARINGINVOICE 85032MS$3,106.46",3106.46,0,3106.46
2143,03/26/2015 12:00:00 AM,14618,48877,373,04    DRIVER'S REPORT,CHECK BRAKESHYD LEAK,3076.72,0,3076.72
2143,03/13/2015 12:00:00 AM,14822,B20089      ,31,04    DRIVER'S REPORT,LOW POWER AND ENGINE LITE IS ONSENT TO STAMFORD FORDINVOICE 293481$2981.76,2981.76,0,2981.76
2111,03/26/2015 12:00:00 AM,14802,1244,240,04    DRIVER'S REPORT,"CHECK PLOW FRAME,BOLTS MISSING & ADJUST BRAKES",2776.07,0,2776.07
2111,03/26/2015 12:00:00 AM,14640,1402,228,13    SNOW BREAKDOWN,ROAD CALL TO HIGH RIDGE RDTIRES FELL OFFTOWED IN BY BILLS SERVICEBROKEN LEAF SPRINGSINVOICE #161148$175.00,2502.70,0,2502.70
2143,01/14/2015 12:00:00 AM,14206,50550,357,04    DRIVER'S REPORT,NEED REAR TIRESCHECK HYD OIL,2465.54,0,2465.54
2111,03/26/2015 12:00:00 AM,14450,1403,226,13    SNOW BREAKDOWN,HYD LEAKRIGHT SIDE WIPERREMOVE PARTS FOR OTHER TRUCKS  AXLE AND WIPER MOTOR,2431.62,0,2431.62
2143,01/20/2015 12:00:00 AM,14270,45569,350,04    DRIVER'S REPORT,REAR TIRESCHECK OIL,2389.78,0,2389.78
2143,01/05/2015 12:00:00 AM,14167,5694,368,01    BREAKDOWN            ***,"UNIT SENT TO MDANITARY FOR SCALE SYSTEM ON FRONT FORKSSANITARY EQUIPMENTINVOICE 074644$2,387.46",2387.46,0,2387.46
2143,01/05/2015 12:00:00 AM,14166,5694,368,01    BREAKDOWN            ***,"UNIT SENT TO SANITARY FOR SCALE SYSTEM ON FRONT FORKS REPLACE 2 PROXIMITY SWITCHES AND VULCAN METERSANITARY EQUIPMENTINVOICE 074644$2,387.46",2387.46,0,2387.46
2143,02/24/2015 12:00:00 AM,14551,49618,356,04    DRIVER'S REPORT,REAR TIRES,2384.49,0,2384.49
2111,03/13/2015 12:00:00 AM,14781,B34630      ,168,01    BREAKDOWN            ***,"BREAKDOWN, INSTRUMENT CLUSTER AND HARNESS BURNT UPFUEL SYSTEM NOT WORKINGGABRIELLI MACKINVOICE 84832MS$2,375.24",2375.24,0,2375.24
2111,01/14/2015 12:00:00 AM,14039,1224,222,04    DRIVER'S REPORT,CHECK BRAKE ADJUSTMENT,2305.19,0,2305.19
2143,01/28/2015 12:00:00 AM,14234,49328,358,08    PM SERVICE              ***,PM SERVICEAIR LEAK,2277.02,0,2277.02
2111,03/26/2015 12:00:00 AM,14647,1226,117,38    WARRANTY,LOW COOLANT,2169.18,0,2169.18
2111,03/27/2015 12:00:00 AM,14839,1466,124,40    NEGLIGENCE,BENT SPINNER ASSY,2163.69,0,2163.69
2116,03/26/2015 12:00:00 AM,14285,82039,261,10    ROADCALL,"RADIATOR, FAN",2149.31,0,2149.31
2111,01/14/2015 12:00:00 AM,14142,110294,608,40    NEGLIGENCE,"INSTALL BROOM -MAIN CORE FOR BROOM SECTIONS WAS BENT , OUT OF SHAPE . DAMAGE CAUSING BROOMS SECTION TO NOT LOCK INTO CORE . HAD TO REPLACE EVERYTHING DUE TO DAMAGE .",2139.35,0,2139.35
2111,02/04/2015 12:00:00 AM,14417,1225,119,13    SNOW BREAKDOWN,REAR SPRINGS BROKEN,2102.29,0,2102.29
2111,03/06/2015 12:00:00 AM,14586,1223,220,13    SNOW BREAKDOWN,REAR LEAF SPRINGS,1985.68,0,1985.68
2111,02/11/2015 12:00:00 AM,14538,1243,116,04    DRIVER'S REPORT,COOLANT LEAK,1933.83,0,1933.83
2111,02/24/2015 12:00:00 AM,14394,1365,244,13    SNOW BREAKDOWN,ANTI FREEZE LEAK CHECK REAR LIGHTS,1836.75,0,1836.75
2143,01/20/2015 12:00:00 AM,14271,50760,362,04    DRIVER'S REPORT,CHECK REAR TIRESRIGHT HEAD LIGHT OUT,1810.38,0,1810.38
2111,03/26/2015 12:00:00 AM,14680,1759,131,13    SNOW BREAKDOWN,"AUGER WILL NOT TURNARMSTRONG WELDING, FABRICATE NEW LOCKING DEVICE AND INSTALL, REWELD PINTHAT WAS ROTTED AND REINFORCEINVOICE 20153$1,000.",1774.46,0,1774.46
2111,02/24/2015 12:00:00 AM,14419,110301,607,40    NEGLIGENCE,REPAIR BROOM ATTACCHMENT,1684.14,0,1684.14
2143,01/06/2015 12:00:00 AM,14151,27143,369,04    DRIVER'S REPORT,"CHECK AIMS SYSTEM WILL NOT FUEL UP, C HECK AIR SYSTEM & TIRES",1666.57,0,1666.57
2111,02/19/2015 12:00:00 AM,14453,1366,242,13    SNOW BREAKDOWN,RIGHT SIDE TIRES FEEL OFF,1648.57,0,1648.57
2111,03/27/2015 12:00:00 AM,14788,1469,122,10    ROADCALL,ROAD CALL NO BRAKES,1620.49,0,1620.49
2143,01/06/2015 12:00:00 AM,13802,45569,350,04    DRIVER'S REPORT,"DIESEL FUEL LEAK  UNDER CAB, L/REAR PACKER PISTON LEAKS",1607.45,0,1607.45
2111,02/27/2015 12:00:00 AM,14655,1225,119,13    SNOW BREAKDOWN,NO REAR BRAKES,1585.07,0,1585.07
2143,02/13/2015 12:00:00 AM,14500,5694,368,04    DRIVER'S REPORT,FRONT TIRESCHECK FLUIDS,1574.93,0,1574.93
2111,03/27/2015 12:00:00 AM,14860,1466,124,04    DRIVER'S REPORT,CHECK BRAKES,1563.96,0,1563.96
2111,03/02/2015 12:00:00 AM,14531,1466,124,13    SNOW BREAKDOWN,LEFT REAR FLAT TIRECHECK LEAF SPRINGS,1505.3,0,1505.3
2142,01/02/2015 12:00:00 AM,14143,49617,352,04    DRIVER'S REPORT,FLAT TIRE LEFT REAR OUTSIDE,1497.5,0,1497.5
2111,02/23/2015 12:00:00 AM,14120,68935,149,04    DRIVER'S REPORT,CONVEYOR DOES NOT WORK,1469.58,0,1469.58
2111,03/13/2015 12:00:00 AM,14653,A19527      ,613,04    DRIVER'S REPORT,"NO POWER REDUCED POWER LIGHT ONSENT TO GABRIELLIINVOICE 84829MS$1468.93CLEAN DPF, REPLACE SENSOR AND CLEARED CODES",1468.93,0,1468.93
2111,02/27/2015 12:00:00 AM,14652,1366,242,13    SNOW BREAKDOWN,CHECK SPINNER,1303.83,0,1303.83
2111,03/13/2015 12:00:00 AM,14823,K01711      ,180,04    DRIVER'S REPORT,"CUT OFF OLD EDGE AND WELD NEW ONE ONARMSTRONG WELDINGINVOICE #10$1,260.00",1260,0,1260
2111,02/23/2015 12:00:00 AM,14389,1629,235,13    SNOW BREAKDOWN,ANTI FREEZE LEAKCONVOYOR STAYS ON,1228.88,0,1228.88
2111,03/27/2015 12:00:00 AM,14703,1467,121,13    SNOW BREAKDOWN,CHECK BENT SPINNER ASSY,1218.96,0,1218.96
2111,02/19/2015 12:00:00 AM,14530,1365,244,08    PM SERVICE              ***,OIL LEAK,1206.64,0,1206.64
2142,03/26/2015 12:00:00 AM,14845,48878,346,04    DRIVER'S REPORT,CHECK ALL TIRES & FLUIDS,1199.78,0,1199.78
2143,02/09/2015 12:00:00 AM,14516,50903,353,04    DRIVER'S REPORT,LEFT REAR FLAT TIRE,996.84,0,996.84
2111,01/28/2015 12:00:00 AM,14385,1243,116,04    DRIVER'S REPORT,NEEDS A 55 GALLON DRUM OF 15W40/10W40/PICKED UP BY PREZ,996.05,0,996.05
2111,01/30/2015 12:00:00 AM,14298,68933,148,13    SNOW BREAKDOWN,DONT BUILD UP AIR PRESSHARD STARTING,987.57,0,987.57
2111,02/10/2015 12:00:00 AM,14414,337658,239,38    WARRANTY,HYD LEAK UNDER CAB,973,0,973
2111,02/24/2015 12:00:00 AM,14238,621924,210,38    WARRANTY,REAR WHEEL SEALS & BRAKES,949.15,0,949.15
2111,02/06/2015 12:00:00 AM,14466,68932,147,13    SNOW BREAKDOWN,CHECK STARTER CHECK CHARGING SYSTEMADJUST CONVEYOR,920.83,0,920.83
2143,02/04/2015 12:00:00 AM,14406,5694,368,04    DRIVER'S REPORT,FLAT TIRE RIGHT REAR,917.5,0,917.5
2143,01/14/2015 12:00:00 AM,14171,50551,361,08    PM SERVICE              ***,CHECK BRAKES.P.M.  INSPECTION.FOG LIGHTS.AIR HORN PROBLEM.RIGHT DOOR LIGHT.,900.13,0,900.13
2111,01/30/2015 12:00:00 AM,14392,1400,227,13    SNOW BREAKDOWN,CONVEYOR BELT NOT WORKING,895.54,0,895.54
2141,01/20/2015 12:00:00 AM,14251,965476,389,04    DRIVER'S REPORT,ANTI FREEZE LEAKCHECK FRONT SPRINGS,893.12,0,893.12
2111,03/02/2015 12:00:00 AM,14589,1227,241,13    SNOW BREAKDOWN,NO REAR BRAKESUNIT WAS TOWED INTO SHOP FROM HAIG AVEEAST COAST TOWING,887.4,0,887.4
2143,02/13/2015 12:00:00 AM,14517,B90933      ,34,04    DRIVER'S REPORT,PM SERVICE FRONT WHEEL BEARING NOISEBRAKESWHEN FUELING FUEL BACKS UP,848.48,0,848.48
2141,02/09/2015 12:00:00 AM,14507,B20086      ,30,04    DRIVER'S REPORT,REPLACE ALL TIRES,816.27,0,816.27
2116,01/09/2015 12:00:00 AM,14387,704097,262,07    IN SERVICE (PREP NEW VEHICLE OR EQUIP),INSTALLATION OF NEW RADIO NORTHEASTERN COMMUNICATIONINVOICE 1025403$767.08,767.08,0,767.08
2111,02/12/2015 12:00:00 AM,14072,A64221      ,614,04    DRIVER'S REPORT,LIGHT BAR NOT WORKING PROPERLY,766.25,0,766.25
2143,01/07/2015 12:00:00 AM,13830,50552,359,04    DRIVER'S REPORT,", BACK-UP CAMERA DO  NOT WORK",741.4,0,741.4
2111,03/26/2015 12:00:00 AM,14725,B31276      ,177,04    DRIVER'S REPORT,CHECK FRONT TIRES,733.92,0,733.92
2143,01/28/2015 12:00:00 AM,14317,B90933      ,34,04    DRIVER'S REPORT,TIRES ALL 4,728.4,0,728.4
2111,02/19/2015 12:00:00 AM,14552,1366,242,04    DRIVER'S REPORT,ADJUST REAR BRAKES,701,0,701
2111,03/16/2015 12:00:00 AM,14573,1400,227,13    SNOW BREAKDOWN,SIDE DUMP DOESNT MOVEPTO PUMPREPLACE DICKYJOHN SYSTEM,694.85,0,694.85
2111,03/27/2015 12:00:00 AM,14520,    K01711  ,180,13    SNOW BREAKDOWN,NOT CHARGING,656.07,0,656.07
2143,01/14/2015 12:00:00 AM,14207,48877,373,04    DRIVER'S REPORT,HOPPER PISTON BROKEN,654.67,0,654.67
2111,03/02/2015 12:00:00 AM,14522,68932,147,13    SNOW BREAKDOWN,CONVEYOR CHAIN BROKE,650,0,650
2143,01/20/2015 12:00:00 AM,14253,49616,351,04    DRIVER'S REPORT,RIGHT FRONT TIRE SLOW LEAKSTARTS HARD IN AMCHECK TRANS FLUID,638.39,0,638.39
2111,02/13/2015 12:00:00 AM,14528,1758,123,13    SNOW BREAKDOWN,CONVEYOR CHAIN BROKEN,635,0,635
2111,02/13/2015 12:00:00 AM,14434,1366,242,40    NEGLIGENCE,BROKEN AXLE ON DOOLITTLE RD,622.70,0,622.70
2111,02/04/2015 12:00:00 AM,14454,B31276      ,177,13    SNOW BREAKDOWN,R/R TIRE FLAT,616.96,0,616.96
2111,02/09/2015 12:00:00 AM,14521,621923,211,13    SNOW BREAKDOWN,L/F TIRE LOW,613.89,0,613.89
2111,02/03/2015 12:00:00 AM,14459,1467,121,04    DRIVER'S REPORT,RIGHT FRONT FLAT TIRE,611.5,0,611.5
2111,01/20/2015 12:00:00 AM,14254,B31275      ,110,04    DRIVER'S REPORT,SHIFTES HARDWATER IN FUEL LIGHT ONCHECK PLOW FRAME,605.79,0,605.79
2143,03/09/2015 12:00:00 AM,14798,4830,354,29    ACCIDENT,UNIT INVOLCVED IN ACCIDENTTOWED BY BILLS TOWING TO SUPERIOR SPRINGINVOICE 162767$600.00,600,0,600
2111,02/18/2015 12:00:00 AM,14594,D33712      ,7,01    BREAKDOWN            ***,UNIT WAS TOWED FROM WILTO TO VEHICLE MAINTENANCE                  BROKEN WINDSHIELDTOWED BY MY WAY AUTO BODYINVOICE 8189$130.00BINKS AUTO GLASS REPLACE WINDSHIELDINVOICE 0007$440.00,570,0,570
2111,02/27/2015 12:00:00 AM,14646,68936,145,13    SNOW BREAKDOWN,PLOW CHAIN BROKENENGINE HAS NO POWERHINES IHINVOICE #27288$525.1,565.1,0,565.1
2135,03/02/2015 12:00:00 AM,14632,555359,596,13    SNOW BREAKDOWN,ROAD CALL TO PARKS DEPTHYD LEAK,554.4,0,554.4
2111,01/29/2015 12:00:00 AM,14404,A19527      ,613,01    BREAKDOWN            ***,NO POWERGABRIELLI MACKINVOICE 84146MS$549.58,549.58,0,549.58
2135,01/20/2015 12:00:00 AM,14197,555359,596,04    DRIVER'S REPORT,EXHUST LEAKAIR LEAKCHECK LIGHTS,546.81,0,546.81
2111,02/22/2015 12:00:00 AM,14642,Y11540      ,186,40    NEGLIGENCE,BROKEN WINDOW AND MIRROR RIGHT SIDE,544.74,0,544.74
2143,02/03/2015 12:00:00 AM,14463,B20089      ,31,01    BREAKDOWN            ***,"UNIT WON'T RUN, BROUGHT OVER TO STAMFORD FORDREPLACE MASS AIR FLOW SENSORSTAMFORD FORDINVOICE #292308$500.61",500.61,0,500.61
2143,02/18/2015 12:00:00 AM,14601,4830,354,01    BREAKDOWN            ***,UNIT BROKE DOWN AND HAD TO BE TOWED TO GABRIELLI MACK IN MILFORDEAST COAST TOWING iNV.#14509$500.00,500,0,500
2135,02/25/2015 12:00:00 AM,14585,C36322      ,415,08    PM SERVICE              ***,PM SERVICE,498.94,0,498.94
2111,03/02/2015 12:00:00 AM,14639,1224,222,13    SNOW BREAKDOWN,ROAD CALL TOWN YARDNOISE IN REAR TIRES FALLEN OFFTOWED IN BY BILLS SERVICEINVOICE # 161149$175.00,496.24,0,496.24
1020,01/06/2015 12:00:00 AM,14073,118743,14,04    DRIVER'S REPORT,"PM SERVICE, CHECK TURN SIGNAL, CLUNKING NOISE WHEN DRIVING",493.85,0,493.85
2111,02/19/2015 12:00:00 AM,14444,526000,225,13    SNOW BREAKDOWN,HYD LEAK UNDER CAB,489.69,0,489.69
2135,02/09/2015 12:00:00 AM,14514,512810,50,07    IN SERVICE (PREP NEW VEHICLE OR EQUIP),INSTALLATION OF NEW RADIO INVOIC E1025544$485.08,485.08,0,485.08
2135,02/09/2015 12:00:00 AM,14515,512606,51,07    IN SERVICE (PREP NEW VEHICLE OR EQUIP),NEW RADIO INSTALLNORTHEASTERN COMMUNICATIONINVOICE 1025544$485.08,485.08,0,485.08
2143,02/24/2015 12:00:00 AM,14657,B20091      ,35,40    NEGLIGENCE,needs d/s  mirror/lotts,473.68,0,473.68
2111,03/06/2015 12:00:00 AM,14757,1469,122,13    SNOW BREAKDOWN,LEFT REAR INNER FLAT TIRE,472.55,0,472.55
2111,01/15/2015 12:00:00 AM,14225,1466,124,40    NEGLIGENCE,ROAD CALLTOWED INBROKEN AXLE,469.29,0,469.29
2111,03/09/2015 12:00:00 AM,14676,393533,205,13    SNOW BREAKDOWN,CONTAINER LOCK PINSWELD LOCKING SUPPORT ON ROLL OFFARMSTRONG WELDINGINVOICE 3222015$460.00,460,0,460
2111,01/30/2015 12:00:00 AM,14390,1402,228,13    SNOW BREAKDOWN,RIGHT REAR INSIDE TIRE FLATCHECK REAR LIGHTS,456.33,0,456.33
2111,03/16/2015 12:00:00 AM,14700,1226,117,13    SNOW BREAKDOWN,CHECK ANTIFREEZE  &  BENT SPINNER ASSY,448.96,0,448.96
2111,01/30/2015 12:00:00 AM,14344,337658,239,13    SNOW BREAKDOWN,WINDOWS DONT WORK,447.87,0,447.87
2111,01/20/2015 12:00:00 AM,14243,1223,220,13    SNOW BREAKDOWN,CONVOYOR ADJUSTER NOT WORKING,420.49,0,420.49
2135,01/14/2015 12:00:00 AM,14067,D12434      ,450,08    PM SERVICE              ***,"PM, SERVICE, CHECK ALL FLUID, HYDRA LEAK ON PLOW. PLOW DOES NOT MOVE. FLASHER LIGHT NEEDED ON TOP OF UNIT.",418.34,0,418.34
2142,02/19/2015 12:00:00 AM,14473,49617,352,04    DRIVER'S REPORT,NO POWER SPOT MIRRORTHROLLE FOR HOPPER STICKING,412.56,0,412.56
2111,03/26/2015 12:00:00 AM,14634,1469,122,13    SNOW BREAKDOWN,BROKEN REAR AXLE,402.1,0,402.1
2143,01/07/2015 12:00:00 AM,14186,50552,359,40    NEGLIGENCE,BROKEN RIGHT SIDE WINDSHIELDBINKS GLASSINVOICE #$400.00,400,0,400
2111,02/18/2015 12:00:00 AM,14600,68936,145,01    BREAKDOWN            ***,UNIT WAS TOWED TO HINES IH IN BRIDGEPORTEAST COAST TOWINGINVOICE 14511$400.00,400,0,400
2135,01/06/2015 12:00:00 AM,13941,-2021,,04    DRIVER'S REPORT,"COMPLETE SERVICE,UNIT MOVES VERY SLOWLY",398.09,0,398.09
2111,01/14/2015 12:00:00 AM,14220,337656,219,13    SNOW BREAKDOWN,RIGHT REAR AXLE SEAL LEAKING,397.87,0,397.87
2111,03/06/2015 12:00:00 AM,14698,B34633      ,278,13    SNOW BREAKDOWN,"CHECK L/REAR OUTER TIRE, FLATHOSE FOR TOWN YARD WASH BAY/JIM TORECK",395.8,0,395.8
2111,01/06/2015 12:00:00 AM,14000,766153,248,08    PM SERVICE              ***,"NEED SERVICE, CHECK BRAKES",387.17,0,387.17
2111,03/16/2015 12:00:00 AM,14808,B34630      ,168,04    DRIVER'S REPORT,FUEL GAUGE DO NOT WORK,384.89,0,384.89
2111,01/30/2015 12:00:00 AM,14337,1224,222,13    SNOW BREAKDOWN,HYD LEAKSPOT MORROR RIGHT SIDE,370.52,0,370.52
2111,02/13/2015 12:00:00 AM,14536,B31276      ,177,13    SNOW BREAKDOWN,L/R FLAT TIRE,369.35,0,369.35
2111,02/06/2015 12:00:00 AM,14495,D14803      ,611,04    DRIVER'S REPORT,RIGHT REAR TIRE FLAT,366.96,0,366.96
2111,02/17/2015 12:00:00 AM,14564,B34631      ,277,04    DRIVER'S REPORT,FLAT TIRE L/R OUTTER,366.96,0,366.96
2111,01/14/2015 12:00:00 AM,14139,L00343      ,281,10    ROADCALL,HYD LEAK,358.58,0,358.58
2111,02/19/2015 12:00:00 AM,14452,621908,125,13    SNOW BREAKDOWN,HYD LEAK UNDER CAB,353.28,0,353.28
2111,02/11/2015 12:00:00 AM,14465,110294,608,40    NEGLIGENCE,CHECK BROOMCHECK STROBE LIGHTSREPLACE FRONT TIRE,350,0,350
2111,03/26/2015 12:00:00 AM,14906,110301,607,10    ROADCALL,LEFT FRONT FLAT TIRE,350,0,350
2139,03/30/2015 12:00:00 AM,14794,166478,68,04    DRIVER'S REPORT,CHECK ALL GAUGES  (FUEL GAUGE DO NOT WORK),348.26,0,348.26
2143,01/20/2015 12:00:00 AM,14047,B20089      ,31,04    DRIVER'S REPORT,BLOWER MOTOR NOT WORKING,340.78,0,340.78
2111,02/24/2015 12:00:00 AM,14482,621921,214,10    ROADCALL,ROAD CALL TRUCK WILL NOT MOVE,340.72,0,340.72
2111,03/27/2015 12:00:00 AM,14416,K01711      ,180,10    ROADCALL,DONT START,324.8,0,324.8
2142,01/07/2015 12:00:00 AM,14195,718765,337,04    DRIVER'S REPORT,PARTS FOR ARM,319.48,0,319.48
2139,03/02/2015 12:00:00 AM,14560,B00195      ,646,04    DRIVER'S REPORT,R/R FLAT,312.39,0,312.39
2111,03/26/2015 12:00:00 AM,14842,P2115D      ,152,04    DRIVER'S REPORT,NEEDS HYDRANT HOSE/RONNY CAPP/PETE,312.11,0,312.11
2111,01/21/2015 12:00:00 AM,14103,B31276      ,177,04    DRIVER'S REPORT,"PLOW FRAME CRACKED, SPINNER NEED TO BE INSTALLEDARMSTRONG WELDINGINVOICE 21212$300.",310,0,310
2135,02/04/2015 12:00:00 AM,14403,735093,,04    DRIVER'S REPORT,PM SERVICE,305.31,0,305.31
2143,03/16/2015 12:00:00 AM,14617,5694,368,04    DRIVER'S REPORT,CHECK BRAKESCHECK FLUIDS,303.59,0,303.59
2143,03/02/2015 12:00:00 AM,14144,697901,371,10    ROADCALL,STARTS BUT NO THROTTLE AT COLLECTIONS.SENT TO HINES IHBILLS SERVICE OF STAMFORDINVOICE 161131$300.00,300,0,300
2111,01/21/2015 12:00:00 AM,14289,393532,204,04    DRIVER'S REPORT,WELD AND REPAIR TWO PLATES THAT WERE BROKEN ON REAR OF HOOK LIFTARMSTRONG WELDINGINVOICE 21212$300,300,0,300
2111,01/21/2015 12:00:00 AM,14288,68934,146,12    CONTRACT HIRE REPAIR,WELD REPAIR PIN ON TAILGATE SECTION WHICH WAS ROTTED OUT,300,0,300
2135,02/23/2015 12:00:00 AM,14346,C36322      ,415,13    SNOW BREAKDOWN,PLOW DONT WORKROAD CALLCHECK BATTERY,299.92,0,299.92
2111,01/30/2015 12:00:00 AM,14386,1469,122,13    SNOW BREAKDOWN,SPINNER TO FASTCHECK BATTERYSCHECK LIGHTS,299.33,0,299.33
2111,03/27/2015 12:00:00 AM,14824,O01469      ,201,04    DRIVER'S REPORT,NEEDS BATTERY FOR GREASE GUN/JIM FHADRWAREDRUM OF DEF,296,0,296
2142,01/15/2015 12:00:00 AM,14244,48878,346,04    DRIVER'S REPORT,HYD LEAK LEFT SIDE,293.59,0,293.59
2111,02/04/2015 12:00:00 AM,14411,110301,607,13    SNOW BREAKDOWN,REAR FLAT TIRE,290.19,0,290.19
2111,03/26/2015 12:00:00 AM,14660,110294,608,04    DRIVER'S REPORT,R/R TIRE,290.19,0,290.19
2111,02/19/2015 12:00:00 AM,14610,B71798      ,270,29    ACCIDENT,REPLACE BROKEN WINDSHIELDBINKS AUTO GLASSINVOICE 134$285.00,285,0,285
2135,03/02/2015 12:00:00 AM,14030,902010,,08    PM SERVICE              ***,FULL SERVICE,277.05,0,277.05
2135,03/16/2015 12:00:00 AM,14658,555359,596,13    SNOW BREAKDOWN,REMOVE HYD LINES FOR SANDERHYD LEAK,276.01,0,276.01
2111,03/02/2015 12:00:00 AM,14395,1400,227,13    SNOW BREAKDOWN,RIGHT REAR FLAT TIRE,273.15,0,273.15
2111,01/30/2015 12:00:00 AM,14224,621922,212,13    SNOW BREAKDOWN,HYD LEAK IN CAB,262.19,0,262.19
2111,03/02/2015 12:00:00 AM,14624,621921,214,13    SNOW BREAKDOWN,HTD LEAK SIDE DUMP,256.12,0,256.12
2135,01/30/2015 12:00:00 AM,14381,555359,596,13    SNOW BREAKDOWN,HYD LEAK,253.93,0,253.93
2111,03/02/2015 12:00:00 AM,14588,525998,217,13    SNOW BREAKDOWN,HYD LEAK AT PLOWSPINNER LIGHT,253.72,0,253.72
2135,03/16/2015 12:00:00 AM,14670,C36322      ,415,04    DRIVER'S REPORT,STALLS AT IDLENO STRBESSIGNAL LENSE,253.33,0,253.33
2111,03/20/2015 12:00:00 AM,14891,B39110      ,620,13    SNOW BREAKDOWN,REAR-END NOISE (DIFF NOISE)UNIT TOWD TO GABRIELLI FORD INTERSTATEBILLS TOWINGINVOICE 165098$250.00,250,0,250
2111,01/30/2015 12:00:00 AM,14366,110301,607,13    SNOW BREAKDOWN,FLAT TIRE REAR,250,0,250
2111,02/09/2015 12:00:00 AM,14505,L00343      ,281,04    DRIVER'S REPORT,TOP LEFT CLAM PISTON PIN BROKEN.,248.93,0,248.93
2135,03/30/2015 12:00:00 AM,14835,620915,423,10    ROADCALL,WILL NOT START AT PARKS GARAGE.,245.72,0,245.72
2111,01/14/2015 12:00:00 AM,14189,273064,166,08    PM SERVICE              ***,"SERVICE,CHECK ENGINE LIGHT ONLIGHTSHORN DONT WORK",241.33,0,241.33
2111,02/17/2015 12:00:00 AM,14433,1400,227,10    ROADCALL,LOST REAR TIRES ON ROCKRIMMING RD,239.05,0,239.05
2135,03/30/2015 12:00:00 AM,14237,Y14225      ,482,04    DRIVER'S REPORT,"needs blinker light,rear lens;mirror,fuse,connector",233.59,0,233.59
2111,01/14/2015 12:00:00 AM,14194,621924,210,04    DRIVER'S REPORT,HYD LEAK SIDE DUMP,233.42,0,233.42
2111,02/13/2015 12:00:00 AM,14523,1400,227,13    SNOW BREAKDOWN,NO START,231.86,0,231.86
2111,03/16/2015 12:00:00 AM,14732,337655,234,13    SNOW BREAKDOWN,CHECK LIGHTS (NOTE LIGHTS FLICKERS)TOW FROM WEST BANK RDBILLS TOWING INVOICE 163453$200.00,225.36,0,225.36
2111,02/24/2015 12:00:00 AM,14331,1758,123,04    DRIVER'S REPORT,CHECK REAR TIRESCHECK BACK LIGHTS,223.81,0,223.81
2111,03/02/2015 12:00:00 AM,14583,766153,248,13    SNOW BREAKDOWN,HYD LEAKROAD CALL,221.73,0,221.73
3101,03/16/2015 12:00:00 AM,14787,C30944      ,3,08    PM SERVICE              ***,"PM , SERVICE",219.94,0,219.94
2111,02/24/2015 12:00:00 AM,14456,B71796      ,271,04    DRIVER'S REPORT,CHECK BELtTHYD END FOR PLOW,219.47,0,219.47
2111,03/27/2015 12:00:00 AM,14846,B31275      ,110,04    DRIVER'S REPORT,"CHECK TRANSMISSION, & REAR-END",219.27,0,219.27
2111,03/16/2015 12:00:00 AM,14682,68937,144,13    SNOW BREAKDOWN,UNIT WILL NOT BUILD UP AIR PRESSURE,209,0,209
2111,01/28/2015 12:00:00 AM,14391,1227,241,04    DRIVER'S REPORT,WHEEL WELL MLGD CRACKED,206.53,0,206.53
2143,02/04/2015 12:00:00 AM,14475,27143,369,04    DRIVER'S REPORT,NEEDS 2 WORK LIGHT,206.3,0,206.3
2111,02/20/2015 12:00:00 AM,14614,Y11538      ,185,01    BREAKDOWN            ***,TOW TO BOBCAT IN STRATFORD UNIT WOULD NOT MOVE..TRANS PROBLEMNEWFIELD SERVICE TOWINGINVOIC E 43497$202.25,202.25,0,202.25
2111,01/16/2015 12:00:00 AM,14274,A19527      ,613,01    BREAKDOWN            ***,TO UNIT TO GABRIELLI BILLS TOWINGUINVOICE 162222$200.00,200,0,200
2111,02/04/2015 12:00:00 AM,14408,68935,149,13    SNOW BREAKDOWN,NOT CHARGEINGADJUST CONVOYOR,199.24,0,199.24
2111,01/26/2015 12:00:00 AM,14307,X01917      ,282,10    ROADCALL,HYD LEAK AT SCOFIELD YARD,197.3,0,197.3
2141,03/30/2015 12:00:00 AM,14554,K02024      ,381,04    DRIVER'S REPORT,CHECK LIGHTS,195.35,0,195.35
2111,02/04/2015 12:00:00 AM,14365,621910,209,13    SNOW BREAKDOWN,DRIVER PUT TO MUCH OIL IN MOTOR,190.88,0,190.88
2111,01/20/2015 12:00:00 AM,14257,393534,206,04    DRIVER'S REPORT,HYD LEAK ON BOOM,187.17,0,187.17
2111,01/13/2015 12:00:00 AM,14223,1403,226,13    SNOW BREAKDOWN,STROB LIGHTS NOT WORKINGHYD LEAK,183.84,0,183.84
2111,02/04/2015 12:00:00 AM,14373,555360,115,13    SNOW BREAKDOWN,NOT CHARGING,183.48,0,183.48
2143,03/27/2015 12:00:00 AM,14694,B90933      ,34,13    SNOW BREAKDOWN,CHECK NOISE IN L/FRONT WHEEL OR U-JOINTS,182.42,0,182.42
3810,03/16/2015 12:00:00 AM,14785,89717,691,08    PM SERVICE              ***,WILL NOT START PM SERVICE,181.75,0,181.75
2135,01/06/2015 12:00:00 AM,14133,Y14264      ,531,08    PM SERVICE              ***,"CHECK HYDRA LEAK , & PM SERVICE",180.53,0,180.53
2111,02/13/2015 12:00:00 AM,14491,A64221      ,614,04    DRIVER'S REPORT,SERP BELT BROKE.,175.55,0,175.55
2135,02/06/2015 12:00:00 AM,14436,D12433      ,444,13    SNOW BREAKDOWN,R/R TIRE FLAT,175,0,175
2111,02/27/2015 12:00:00 AM,14233,1466,124,13    SNOW BREAKDOWN,TOWED TRUCK FROM TURNER TO FLEET MAINTENANCEBILLS SERVICEINVOICE 131132$175.00,175,0,175
2111,01/14/2015 12:00:00 AM,14122,B34631      ,277,04    DRIVER'S REPORT,NO SPINNER DISC,175,0,175
2111,01/13/2015 12:00:00 AM,14208,B34632      ,276,04    DRIVER'S REPORT,TRUCK WILL NOT START,172.95,0,172.95
2111,02/24/2015 12:00:00 AM,14540,O01469      ,201,04    DRIVER'S REPORT,jim needs a 55 gal drum of def,172,0,172
2111,01/20/2015 12:00:00 AM,14284,O01469      ,201,04    DRIVER'S REPORT,NEEDS DEF/JIMF,172,0,172
2111,03/06/2015 12:00:00 AM,14718,O01469      ,201,04    DRIVER'S REPORT,NEEDS A DRUM OF DEF/JIMF,172,0,172
2111,03/16/2015 12:00:00 AM,14743,B71798      ,270,10    ROADCALL,ROADCALL UNIT OVER HEAT (SCOFIELD YARD),170.84,0,170.84
2141,03/27/2015 12:00:00 AM,14903,X01320      ,380,04    DRIVER'S REPORT,JIM PICKED UP 2 BATTERIES ...#1050,169.68,0,169.68
2143,02/06/2015 12:00:00 AM,14488,45476,348,04    DRIVER'S REPORT,NEEDS BATTERIES/JIMF,169.68,0,169.68
2111,03/02/2015 12:00:00 AM,14409,B34631      ,277,40    NEGLIGENCE,SPINNER DISK MISSING,168.51,0,168.51
2111,01/14/2015 12:00:00 AM,14148,621910,209,40    NEGLIGENCE,"REPLACE QUARTER FENDERS , FIX FUEL TANK STEP , REPLACE STACK HEAT SHIELD.",163.47,0,163.47
2111,01/22/2015 12:00:00 AM,14299,P1276D      ,151,04    DRIVER'S REPORT,GREASE FOR SWEEPER /PETE MARTEY,155.99,0,155.99
2530,01/14/2015 12:00:00 AM,14192,40857,404,10    ROADCALL,DONT START AT GOVERMENT CENTERCHECK BATTERYSERVICE ?,154.71,0,154.71
2135,02/24/2015 12:00:00 AM,14548,C95216      ,435,10    ROADCALL,ROAD CALL TO PARKS DEPTWILL NOT START,153.46,0,153.46
2143,02/13/2015 12:00:00 AM,14501,27143,369,04    DRIVER'S REPORT,CHECK PTO BUTTON  POPS OUT NO AIR TANK DRAIN CORDS,152.23,0,152.23
2111,02/17/2015 12:00:00 AM,14562,B34632      ,276,04    DRIVER'S REPORT,ROAD  CALL TO HIGHWAYS NO STARTBROKEN SERP BELT,151.87,0,151.87
2111,02/05/2015 12:00:00 AM,14467,1364,243,13    SNOW BREAKDOWN,CHECK  CAB AIR RIDECHECK RIGHT POWER MIRRORDAMAGE TO RIGHT SIDE MISSING TOOL BOX,151.32,0,151.32
2200,02/10/2015 12:00:00 AM,14484,212572,39,10    ROADCALL,ROAD CALL TO GOVERMENT CENTER NO START,151.23,0,151.23
2135,03/02/2015 12:00:00 AM,14150,658295,,08    PM SERVICE              ***,"PM, SERVICE / NEED STROBE LIGHTS",150.08,0,150.08
2135,01/14/2015 12:00:00 AM,14211,C95216      ,435,08    PM SERVICE              ***,SERVICEWIPER BLADES,148.71,0,148.71
3810,01/20/2015 12:00:00 AM,14272,D59888      ,693,08    PM SERVICE              ***,SERVICEBATTERY,143.69,0,143.69
2111,01/14/2015 12:00:00 AM,14222,D-1920      ,164,13    SNOW BREAKDOWN,CHECK ALL LIGHTSCHECK HORNWASHERS,142.55,0,142.55
2111,01/14/2015 12:00:00 AM,14131,B34629      ,167,04    DRIVER'S REPORT,INSTALL SPINNER ASSY,140,0,140
2135,01/05/2015 12:00:00 AM,14159,145595,60,08    PM SERVICE              ***,CHECK BATTERYPM SERVICE,137.43,0,137.43
2116,01/02/2015 12:00:00 AM,13680,82039,261,04    DRIVER'S REPORT,HYD OIL LEAK AT VAC MOTOR.,134.84,0,134.84
2111,02/04/2015 12:00:00 AM,14361,555360,115,13    SNOW BREAKDOWN,PUT SPINNER ON,129.66,0,129.66
2111,01/30/2015 12:00:00 AM,14328,1227,241,04    DRIVER'S REPORT,SPINNER LIGHTADJ CONVOYOR,128.15,0,128.15
2111,02/03/2015 12:00:00 AM,14446,621922,212,04    DRIVER'S REPORT,SPINNER LIGHT,128.15,0,128.15
2111,02/04/2015 12:00:00 AM,14338,1628,236,13    SNOW BREAKDOWN,CHECK BACK LIGHTS,125.68,0,125.68
2143,03/30/2015 12:00:00 AM,14549,27143,369,04    DRIVER'S REPORT,PTO BUTTON STILL POPS OUT COLDSMELLS EXHAUST IN CAB,124.82,0,124.82
2137,02/24/2015 12:00:00 AM,14527,579107,16,04    DRIVER'S REPORT,PM SERVICE,123.52,0,123.52
2135,01/14/2015 12:00:00 AM,14204,172326,521,40    NEGLIGENCE,sunvisor broke/taken by rob o,119.6,0,119.6
2135,01/14/2015 12:00:00 AM,14210,D00249      ,506,04    DRIVER'S REPORT,ENGINE LIGHT ON ENGINE MISSFIRE,119.44,0,119.44
2135,03/16/2015 12:00:00 AM,14782,Y14264      ,531,04    DRIVER'S REPORT,NEEDS WORKLITE BULB/AND PLUG/ROB,116.73,0,116.73
2111,01/30/2015 12:00:00 AM,14360,1629,235,13    SNOW BREAKDOWN,CONVOYOR STAYS ON,115.03,0,115.03
2111,03/02/2015 12:00:00 AM,14633,766153,248,13    SNOW BREAKDOWN,PLOW CABLE BROKEN,110,0,110
2111,01/13/2015 12:00:00 AM,14216,1402,228,04    DRIVER'S REPORT,"COOLANT LEAK SPINNER LIGHT OUTWIPER BLADES,WASHER HOSE BROKENCHECK BRAKE PEDDLE",109.4,0,109.4
2135,03/30/2015 12:00:00 AM,14303,512810,50,07    IN SERVICE (PREP NEW VEHICLE OR EQUIP),INSERVICE,108.59,0,108.59
2143,03/24/2015 12:00:00 AM,14913,50551,361,04    DRIVER'S REPORT,DEF CAP FROM SANITARY,105,0,105
2143,01/06/2015 12:00:00 AM,14162,50552,359,04    DRIVER'S REPORT,RT SIDE BLINKER OUT HARD STARTINGRT WINDSHIELD BROKEN,104.7,0,104.7
2139,03/26/2015 12:00:00 AM,14871,B00195      ,646,04    DRIVER'S REPORT,"PM,SERVICE,CHECK NOISE IN SUSPENSION, & TIRE PRESSURE LIGHT",103.84,0,103.84
2111,02/13/2015 12:00:00 AM,14534,525670,232,13    SNOW BREAKDOWN,SPINNER LIGHT,103.15,0,103.15
2111,02/24/2015 12:00:00 AM,14539,621909,213,04    DRIVER'S REPORT,needs sander spot light /shaky,103.15,0,103.15
2111,01/21/2015 12:00:00 AM,14292,B34630      ,168,01    BREAKDOWN            ***,BREAKDOWN ON NEWFIELD AVE.O'NEILLS TOWED UNIT BACK TO VEHICLE MAINTENANCE,100,0,100
2143,02/18/2015 12:00:00 AM,14603,4830,354,29    ACCIDENT,UNIT WAS TOWED FROM COURTLAND AVE TO VEHICLE MAINTENANCEUNIT WAS INVOLVED IN AN ACCIDENTEAST COAST TOWINGINVOICE #14519$100.00,100,0,100
2111,01/30/2015 12:00:00 AM,14321,68934,146,13    SNOW BREAKDOWN,HYDRA LEAK,99.5,0,99.5
2111,01/14/2015 12:00:00 AM,14219,B39110      ,620,13    SNOW BREAKDOWN,SIDE DUMP HYD HOSE BLOWN,98.08,0,98.08
2111,01/27/2015 12:00:00 AM,14378,B39110      ,620,13    SNOW BREAKDOWN,RIGHT PLOW LIGHT BROKEN,97.69,0,97.69
2135,01/20/2015 12:00:00 AM,14259,16172,499,04    DRIVER'S REPORT,FLAT TIRE RIGHT SIDE,95,0,95
2111,01/28/2015 12:00:00 AM,14311,D-1920      ,164,10    ROADCALL,DONT STARTCHECK LEAK ON BROOM MOTOR,93.86,0,93.86
2111,03/27/2015 12:00:00 AM,14712,B39109      ,178,13    SNOW BREAKDOWN,"CHECK BROKEN PLOW LIGHT, L/FRONT FLAT TIRE, ALSO NEED WASHER FLUID  INSTALL PLOW LITE",90.61,0,90.61
2111,02/27/2015 12:00:00 AM,14623,1222,118,13    SNOW BREAKDOWN,LOW COOLANT,89.18,0,89.18
2143,01/20/2015 12:00:00 AM,14278,5694,368,04    DRIVER'S REPORT,HYD LEAK [FORKS],88.68,0,88.68
2143,01/07/2015 12:00:00 AM,14178,228151,378,08    PM SERVICE              ***,SERVICE,88.18,0,88.18
2137,03/02/2015 12:00:00 AM,14604,579119,24,08    PM SERVICE              ***,PM SERVICECHECK BRAKESREPLACE WIPERS,86.91,0,86.91
2111,02/04/2015 12:00:00 AM,14340,1403,226,13    SNOW BREAKDOWN,TRUCK IS NOT RUNNING RIGHT.,82.09,0,82.09
2143,01/20/2015 12:00:00 AM,14280,48877,373,10    ROADCALL,ROAD CALL TO TRANSFER STATIONHYD LEAK,81.91,0,81.91
2111,03/30/2015 12:00:00 AM,14370,68932,147,13    SNOW BREAKDOWN,PLOW GUIDES,81.48,0,81.48
2111,03/16/2015 12:00:00 AM,14464,1364,243,04    DRIVER'S REPORT,CAB AIR RIDE INOPRIGHT SIDE POWER MIRROR INOP,81.32,0,81.32
2139,01/30/2015 12:00:00 AM,14330,103885,647,04    DRIVER'S REPORT,PUT ON TIRE CHANIS,80.85,0,80.85
2111,02/04/2015 12:00:00 AM,14350,1402,228,13    SNOW BREAKDOWN,ANTI FREEZE SMELLGAS TANK STRAP,80,0,80
2111,02/24/2015 12:00:00 AM,14616,393534,206,10    ROADCALL,ROAD CALL TO HIGHWAYNO START,79.93,0,79.93
2530,03/16/2015 12:00:00 AM,14584,176729,408,13    SNOW BREAKDOWN,HYD LEAK,76.06,0,76.06
3810,01/02/2015 12:00:00 AM,14016,195676,674,04    DRIVER'S REPORT,CHECK CHARGING SYSTEM,74.71,0,74.71
2111,02/19/2015 12:00:00 AM,14566,525999,114,13    SNOW BREAKDOWN,HYD LEAK,73.66,0,73.66
2111,02/24/2015 12:00:00 AM,14358,1628,236,13    SNOW BREAKDOWN,WIPER BLADESREV LIGHTSSPRING FOR COVOYOR ADJUSTER,71.32,0,71.32
2111,02/17/2015 12:00:00 AM,14587,337655,234,40    NEGLIGENCE,RIGHT SIDE FRONT HUB CAPRIGHT SIDE MIRROR BRACKET,71,0,71
2143,01/13/2015 12:00:00 AM,14036,50903,353,04    DRIVER'S REPORT,UPPER LEFT HYDRA HOSE ON BLADE LEAKING,69.75,0,69.75
2143,01/20/2015 12:00:00 AM,14275,50903,353,04    DRIVER'S REPORT,HYD LEAK IN HOPPER,69.2,0,69.2
2143,01/09/2015 12:00:00 AM,14218,5694,368,04    DRIVER'S REPORT,4 QTS MOTOR OIL1 GAL COOLANTGREASESHOP SUPPLYS,67.04,0,67.04
2111,03/02/2015 12:00:00 AM,14591,265908,274,10    ROADCALL,ROAD CALL TO HIGHWAY DEPTNO STARTCHECK ENG LIGHT ON,67.02,0,67.02
2111,02/24/2015 12:00:00 AM,14533,313183,10,04    DRIVER'S REPORT,PM SERVICESCHECK TIRES FOR LEAKSCHECK PLOWBATTERY,66.83,0,66.83
2111,02/24/2015 12:00:00 AM,14364,1758,123,13    SNOW BREAKDOWN,WIPER BLADESCONVOYOR DOOR REPAIR,65.94,0,65.94
2143,03/02/2015 12:00:00 AM,14651,27143,369,04    DRIVER'S REPORT,CHECK BRAKES,65.64,0,65.64
2111,02/23/2015 12:00:00 AM,14648,525672,231,04    DRIVER'S REPORT,NEEDS FLOORMATTS/DAVE P,65.07,0,65.07
2111,01/07/2015 12:00:00 AM,14190,337656,219,04    DRIVER'S REPORT,NEEDS FLOOR MATTS,65.07,0,65.07
2139,01/14/2015 12:00:00 AM,14179,166478,68,04    DRIVER'S REPORT,WILL NOT START,64.75,0,64.75
2111,02/24/2015 12:00:00 AM,14442,555360,115,13    SNOW BREAKDOWN,TRANS NOT SHIFTING,64.25,0,64.25
2141,03/16/2015 12:00:00 AM,14803,323009,384,04    DRIVER'S REPORT,NEEDS WIPER BLADE NEEDS AIR HOSE/JIM F,61.33,0,61.33
2111,02/13/2015 12:00:00 AM,14471,1758,123,13    SNOW BREAKDOWN,NO REV LIGHT OR BEEPERNO POWERADJUST CONVEYORCHECK LIGHTS ON DASH,61,0,61
2143,02/24/2015 12:00:00 AM,14608,27571,366,04    DRIVER'S REPORT,DRIVERS WINDOW WILL NOT ROLL UP,59.3,0,59.3
2111,03/23/2015 12:00:00 AM,14895,621907,208,40    NEGLIGENCE,CHECK PASSENGER SIDE MIRROR BRACKET,58.53,0,58.53
2210,02/25/2015 12:00:00 AM,14429,311542,11,13    SNOW BREAKDOWN,PLOW DONT GO DOWN,57.1,0,57.1
2111,01/23/2015 12:00:00 AM,14309,555361,249,04    DRIVER'S REPORT,NEEDS HYD HOSE,56.83,0,56.83
2111,03/02/2015 12:00:00 AM,14615,1243,116,04    DRIVER'S REPORT,COOLANT LEAK,56.3,0,56.3
2143,01/14/2015 12:00:00 AM,14202,50760,362,04    DRIVER'S REPORT,needs fuel filters /picked up by rob lotts,54.69,0,54.69
2111,01/15/2015 12:00:00 AM,14256,621907,208,04    DRIVER'S REPORT,CHECK FOR OIL OR TRANS LEAKSPINNER LIGHTADJ CONVOYOR CHAINPLOW LIGHTS NOT WORKING,52.32,0,52.32
2143,01/29/2015 12:00:00 AM,14398,50551,361,04    DRIVER'S REPORT,NEEDS HEADLAMP SWITCH,52.24,0,52.24
2600,01/06/2015 12:00:00 AM,14170,B00189      ,1,08    PM SERVICE              ***,"COMPLETE PM SERVICE, LOOK FOR CODES",50.13,0,50.13
2111,01/06/2015 12:00:00 AM,14157,621909,213,40    NEGLIGENCE,TARP VALVE STICKINGRIGHT SIDE MIRROR BRACKET BROKEN,50.02,0,50.02
2111,02/10/2015 12:00:00 AM,14490,1467,121,13    SNOW BREAKDOWN,PLOW CABLE BROKEN,50,0,50
2111,01/14/2015 12:00:00 AM,13999,B39109      ,178,01    BREAKDOWN            ***,CHECK PTO PUMP,49.33,0,49.33
2137,01/21/2015 12:00:00 AM,14290,579137,25,08    PM SERVICE              ***,PM SERVICE,48.2,0,48.2
2111,03/30/2015 12:00:00 AM,14816,259441,275,04    DRIVER'S REPORT,MISSING KEYS/JOSE,47.72,0,47.72
2111,01/26/2015 12:00:00 AM,14294,68932,147,04    DRIVER'S REPORT,NO STARTNO PTO,47.12,0,47.12
2111,01/20/2015 12:00:00 AM,14255,D14803      ,611,04    DRIVER'S REPORT,CHECK OILHOOD DONT CLOSE,46.02,0,46.02
2111,02/04/2015 12:00:00 AM,14356,B34632      ,276,13    SNOW BREAKDOWN,PLOW LIGHTS,45.76,0,45.76
2111,02/24/2015 12:00:00 AM,14504,621924,210,40    NEGLIGENCE,RIGHT FRONT HUB MISSINGRIGHT LOWER MIRROR BRACKET BROKEN,45.53,0,45.53
2111,01/02/2015 12:00:00 AM,14006,1243,116,04    DRIVER'S REPORT,NEED 4 PLOW PINS,45,0,45
2141,02/13/2015 12:00:00 AM,14544,K02024      ,381,04    DRIVER'S REPORT,OIL AND GREASE,44.78,0,44.78
2137,01/28/2015 12:00:00 AM,14306,579118,17,08    PM SERVICE              ***,SERVICE WIPER BLADES,43.83,0,43.83
2111,02/11/2015 12:00:00 AM,14519,68933,148,13    SNOW BREAKDOWN,PLOW GUIDESTAIL GATE WONT SHUTNO PTO PUMP,43.23,0,43.23
2135,03/06/2015 12:00:00 AM,14714,512810,50,04    DRIVER'S REPORT,NEEDS PLOW GUIDESHUB CAP MISSING,42.63,0,42.63
2111,02/24/2015 12:00:00 AM,14352,1759,131,13    SNOW BREAKDOWN,CONVOYOR CHAIN LOOSEPLOW LIGHTS,41.79,0,41.79
2143,01/21/2015 12:00:00 AM,14262,45477,347,04    DRIVER'S REPORT,CHECK OIL AND ANTI FREZZELEFT MIRROR BROKEN,40.64,0,40.64
2111,01/15/2015 12:00:00 AM,14229,1226,117,04    DRIVER'S REPORT,NO TAIL LIGHTS,40,0,40
2111,03/26/2015 12:00:00 AM,14710,525671,233,13    SNOW BREAKDOWN,RIGHT SIDE MIRROR BRACKET BASE BROKEN (NEGLIGENCE),39.99,0,39.99
2111,01/14/2015 12:00:00 AM,14239,621924,210,40    NEGLIGENCE,MIRROR BRACKET LEFT SIDE,39.56,0,39.56
2139,03/02/2015 12:00:00 AM,14669,166479,67,04    DRIVER'S REPORT,NO BLOWER FAN ON LOW NOISE IN FRONT END,39.09,0,39.09
1020,01/14/2015 12:00:00 AM,14232,230973,13,08    PM SERVICE              ***,"SERVICEROB,EXT,5604",38.87,0,38.87
2111,02/24/2015 12:00:00 AM,14354,621924,210,40    NEGLIGENCE,MIRROR BRAKET,38.53,0,38.53
3810,03/16/2015 12:00:00 AM,14675,205443,670,08    PM SERVICE              ***,ROAD CALL TO GOVERMENT CENTER NO STARTPM SERVICE,36.53,0,36.53
2135,02/02/2015 12:00:00 AM,14304,512606,51,07    IN SERVICE (PREP NEW VEHICLE OR EQUIP),INSERVICE,36.18,0,36.18
2111,03/02/2015 12:00:00 AM,14650,1467,121,13    SNOW BREAKDOWN,HYD LEAK AT PLOW,35.5,0,35.5
2142,01/15/2015 12:00:00 AM,14265,718765,337,04    DRIVER'S REPORT,GREASE/MIKE,35,0,35
2111,03/06/2015 12:00:00 AM,14687,1366,242,13    SNOW BREAKDOWN,ADJUST CONVEYOR CHAIN,35,0,35
2111,03/16/2015 12:00:00 AM,14761,172539,105,13    SNOW BREAKDOWN,CHECK PLOW BLADE BOLTS NEEDED/ NO POWER,34.82,0,34.82
2141,03/27/2015 12:00:00 AM,14934,30519,388,04    DRIVER'S REPORT,NEEDS D/S SEAT CUSHION/JIM,31.85,0,31.85
2143,03/27/2015 12:00:00 AM,14559,49328,358,04    DRIVER'S REPORT,HEAD LIGHT,30.96,0,30.96
2111,02/06/2015 12:00:00 AM,14430,1222,118,13    SNOW BREAKDOWN,SPINNER LIGHT OUTCONTROLS LOOSE,30.77,0,30.77
2111,03/06/2015 12:00:00 AM,14629,Y11540      ,186,13    SNOW BREAKDOWN,ROAD CALL TO 6TH AND SUMMER WILL NOT MOVE,30,0,30
2111,03/23/2015 12:00:00 AM,14897,621924,210,04    DRIVER'S REPORT,CHECK PASSENGER SIDE MIRROR BRACKET,29.99,0,29.99
2530,03/27/2015 12:00:00 AM,14872,40857,404,04    DRIVER'S REPORT,"WILL NOT START ,PM SERVICE",29.59,0,29.59
2111,01/07/2015 12:00:00 AM,14199,52565,626,04    DRIVER'S REPORT,WASHER FLUIDDEF,28.88,0,28.88
2111,01/13/2015 12:00:00 AM,14158,337655,234,04    DRIVER'S REPORT,PLOW LIGHTS DONT WORKRIGHT HEAD LIGHT OUT,28.76,0,28.76
2111,02/19/2015 12:00:00 AM,14451,1222,118,13    SNOW BREAKDOWN,CONTROL LEVER,28.72,0,28.72
2111,03/30/2015 12:00:00 AM,14297,B34630      ,168,01    BREAKDOWN            ***,TOWED IN STALLS WHILE DRIVING,28.33,0,28.33
2111,02/24/2015 12:00:00 AM,14410,1758,123,13    SNOW BREAKDOWN,MARKER LIGHTS MISSINGWIPER BLADESAIR HORN BRAKET MUD FLAP,27.83,0,27.83
2111,01/30/2015 12:00:00 AM,14380,1365,244,13    SNOW BREAKDOWN,"ROAD CALL TO HUNTING RIDGE RD, LIGHT ON IN DASH",27,0,27
2143,02/25/2015 12:00:00 AM,14664,50551,361,40    NEGLIGENCE,NEEDS DEF CAP/JIM F,26.49,0,26.49
2111,03/16/2015 12:00:00 AM,14755,1226,117,13    SNOW BREAKDOWN,CHECK ANTIFREEZE & LEFT PLOW LIGHT HIGH BEAM,26.21,0,26.21
2143,02/04/2015 12:00:00 AM,14279,49616,351,10    ROADCALL,ROAD CALL TO LONG RIDGE RD,25.68,0,25.68
2111,03/26/2015 12:00:00 AM,14693,525999,114,13    SNOW BREAKDOWN,HYDRA LEAK,25.36,0,25.36
2111,03/06/2015 12:00:00 AM,14766,B34632      ,276,04    DRIVER'S REPORT,NEW PLOW GUIDE POLLS,25.34,0,25.34
2111,02/24/2015 12:00:00 AM,14269,B71797      ,272,04    DRIVER'S REPORT,STROBE LIGHTS INOP CHECK REV LIGHTS,25.16,0,25.16
2143,01/30/2015 12:00:00 AM,14382,45477,347,13    SNOW BREAKDOWN,PLOW BLADE BOLTS,25,0,25
2135,02/10/2015 12:00:00 AM,14462,D12433      ,444,13    SNOW BREAKDOWN,PLOW BOLTS MISSING,25,0,25
2111,03/02/2015 12:00:00 AM,14347,B20087      ,619,13    SNOW BREAKDOWN,PLOW BLADE BOLTS MISSING,25,0,25
2143,02/24/2015 12:00:00 AM,14636,B90933      ,34,13    SNOW BREAKDOWN,REBOLT PLOW BLADE,25,0,25
2143,02/27/2015 12:00:00 AM,14348,B90933      ,34,13    SNOW BREAKDOWN,PLOW BLADE BOLTS,25,0,25
2143,03/25/2015 12:00:00 AM,14912,B90933      ,34,04    DRIVER'S REPORT,CHECK DUMP BODY,25,0,25
2135,03/27/2015 12:00:00 AM,14550,Y14264      ,531,04    DRIVER'S REPORT,BELT NOISE.CHECK REAR STROBES.HYD. LINES ON BUCKET.DEFLECTOR ON SPREADER IS BENT.,25,0,25
2135,03/06/2015 12:00:00 AM,14744,512810,50,40    NEGLIGENCE,MISSING PLOW BOLTS,25,0,25
2111,01/26/2015 12:00:00 AM,14359,68934,146,13    SNOW BREAKDOWN,PLOW LIGHT RIGHT SIDE DIM,25,0,25
2111,03/26/2015 12:00:00 AM,14881,621922,212,13    SNOW BREAKDOWN,CHECK AUTO TARP ASSY ON R/SIDE,24.2,0,24.2
2141,01/30/2015 12:00:00 AM,14388,938747,188,13    SNOW BREAKDOWN,CENTER PIN ON PLOW,23.77,0,23.77
2111,02/27/2015 12:00:00 AM,14641,574950,215,40    NEGLIGENCE,FRONT WHEEL HUB MISSINGFRONT FRENDER BROKEN,23.49,0,23.49
2121,03/05/2015 12:00:00 AM,14740,A97772      ,94,11    OTHER,NEEDS PLOW FLUID FOR STOCKSTARING FLUID,23.18,0,23.18
2139,02/24/2015 12:00:00 AM,14503,B00195      ,646,04    DRIVER'S REPORT,CHECK SIGNALSREPLACE WIPERS,23.06,0,23.06
2135,02/04/2015 12:00:00 AM,14428,512810,50,13    SNOW BREAKDOWN,PLOW GUIDE BROKEN,22.81,0,22.81
2111,03/02/2015 12:00:00 AM,14704,68935,149,40    NEGLIGENCE,L/FRONT HUB CAP BROKEN,22.65,0,22.65
2530,02/04/2015 12:00:00 AM,14379,176729,408,13    SNOW BREAKDOWN,CHECK PLOW OILWIPER BLADES,22.48,0,22.48
2111,03/02/2015 12:00:00 AM,14574,1467,121,13    SNOW BREAKDOWN,NO STROBES NO REX ROTH SYSTEM,21.87,0,21.87
2143,01/21/2015 12:00:00 AM,14291,50903,353,09    REWORK,WORK LIGHTS NOT WORKING..THIS IS RE-DO WORK FROM A PREVIOUS REPAIR.,21.62,0,21.62
2210,01/30/2015 12:00:00 AM,14372,311542,11,13    SNOW BREAKDOWN,WIPER BLADES,21.6,0,21.6
2139,01/30/2015 12:00:00 AM,14376,B00196      ,652,13    SNOW BREAKDOWN,WIPER BLADESTAKE OFF TIRE CHAINS,21.6,0,21.6
2210,03/16/2015 12:00:00 AM,14776,184891,9,13    SNOW BREAKDOWN,CHECK WIPER BLADES,21.6,0,21.6
2143,01/30/2015 12:00:00 AM,14124,45476,348,04    DRIVER'S REPORT,"HEATER , BLOWER NOT WORKING",20.5,0,20.5
2143,03/02/2015 12:00:00 AM,14596,271148,336,04    DRIVER'S REPORT,NEEDS BRAKE FLUID/LOTTS/DONNIE,20.43,0,20.43
2135,03/25/2015 12:00:00 AM,14699,170716,54,13    SNOW BREAKDOWN,CHECK PLOW BOLTS,20,0,20
2111,02/04/2015 12:00:00 AM,14427,555360,115,13    SNOW BREAKDOWN,PLOW LIGHT DIMCONVOYOR STUCK,20,0,20
2111,03/06/2015 12:00:00 AM,14571,1224,222,13    SNOW BREAKDOWN,PLOW CABLEROAD CALL TO SCOFIELD YARD,20,0,20
2111,01/05/2015 12:00:00 AM,14169,A00413      ,283,04    DRIVER'S REPORT,DOG BONE PIN BROKEN,20,0,20
2143,01/14/2015 12:00:00 AM,14054,229004,379,04    DRIVER'S REPORT,INSTALL TARP ON UNIT (SEE JIM FASOLI IN THIS REGARD),20,0,20
2111,03/30/2015 12:00:00 AM,14833,52565,626,04    DRIVER'S REPORT,LIFT DOES NOT WORK,20,0,20
2135,02/27/2015 12:00:00 AM,14295,Y14264      ,531,04    DRIVER'S REPORT,CHECK FOR HYD LEAK,19.90,0,19.90
2135,02/09/2015 12:00:00 AM,14526,512810,50,13    SNOW BREAKDOWN,PLOW BOLTSWINDOW WASH FLUID,19.78,0,19.78
2111,03/16/2015 12:00:00 AM,14786,525998,217,04    DRIVER'S REPORT,NEEDS BRACKET FOR MUDFLAP,19.44,0,19.44
2111,03/02/2015 12:00:00 AM,14625,621908,125,13    SNOW BREAKDOWN,REPLACE WIPERS,18.95,0,18.95
2111,02/06/2015 12:00:00 AM,14438,68937,144,13    SNOW BREAKDOWN,PLOW CABLE SHACKLE,18.95,0,18.95
2111,02/04/2015 12:00:00 AM,14407,68934,146,40    NEGLIGENCE,RIGHT FRONT HUB CAP BROKEN,18.78,0,18.78
2143,01/06/2015 12:00:00 AM,14115,48877,373,04    DRIVER'S REPORT,HYDRA LEAK ON DRIVER'S SIDE TOTER CART HANDLE,18.5,0,18.5
2111,03/27/2015 12:00:00 AM,14850,B34632      ,276,04    DRIVER'S REPORT,CHECK PLOW LIGHTS & GREASE FITTING ON SPINNER SHAFT,18.46,0,18.46
2111,01/26/2015 12:00:00 AM,14333,621922,212,13    SNOW BREAKDOWN,"REPLACE WIPER BLADES , CHECK FLUIDS.",18.35,0,18.35
2111,01/13/2015 12:00:00 AM,14180,766153,248,04    DRIVER'S REPORT,NEED WIPER BLADES,18.35,0,18.35
2135,03/06/2015 12:00:00 AM,14720,D22892      ,451,04    DRIVER'S REPORT,"CHECK PLOW BLADE, & PLOW PUMP OIL",18.08,0,18.08
2111,02/06/2015 12:00:00 AM,14483,1365,244,13    SNOW BREAKDOWN,NO TAIL LIGHTS LEFT SIDECHANGE FUEL FILTERS,18.01,0,18.01
2111,02/06/2015 12:00:00 AM,14474,1225,119,13    SNOW BREAKDOWN,LOW COOLANTCHECK CONVEYOR,18,0,18
2111,03/06/2015 12:00:00 AM,14728,1628,236,13    SNOW BREAKDOWN,CHECK FLUIDS,18,0,18
2111,01/30/2015 12:00:00 AM,14318,1628,236,13    SNOW BREAKDOWN,LIGHT ON IN DASH,18,0,18
2111,03/06/2015 12:00:00 AM,14685,1628,236,13    SNOW BREAKDOWN,ANTIFREEZE LEAK,18,0,18
2111,03/02/2015 12:00:00 AM,14424,1628,236,13    SNOW BREAKDOWN,LIGHT ON IN DASH,18,0,18
2135,01/20/2015 12:00:00 AM,14281,242480,428,04    DRIVER'S REPORT,CHECK GAS PEDDLE,18,0,18
2111,02/13/2015 12:00:00 AM,14537,621923,211,13    SNOW BREAKDOWN,ADJUST CONVEYOR,17.39,0,17.39
2111,02/26/2015 12:00:00 AM,14568,574950,215,13    SNOW BREAKDOWN,NO PLOW LIGHTS,17.39,0,17.39
2111,03/16/2015 12:00:00 AM,14730,621921,214,13    SNOW BREAKDOWN,CHECK SHACKLE ON R/SIDE OF PLOW,17.37,0,17.37
2143,01/30/2015 12:00:00 AM,14371,B90933      ,34,13    SNOW BREAKDOWN,WIPER BLADES,16.56,0,16.56
2111,01/30/2015 12:00:00 AM,14369,68933,148,13    SNOW BREAKDOWN,WIPER BLADES,16.19,0,16.19
2121,01/07/2015 12:00:00 AM,14200,A97772      ,94,04    DRIVER'S REPORT,NEEDS STARTING FLUID FOR SERVICE TRUCK,15.96,0,15.96
2143,02/17/2015 12:00:00 AM,14590,50761,363,04    DRIVER'S REPORT,NEEDS A FLASHER/2 BULBS/JIM F,15.7,0,15.7
2111,01/26/2015 12:00:00 AM,14335,1224,222,40    NEGLIGENCE,NEEDS MIRROR,15.63,0,15.63
2142,01/26/2015 12:00:00 AM,14312,48878,346,04    DRIVER'S REPORT,NO HIGH BEAMS PACKER STOPPED WORKING,15.24,0,15.24
2111,02/04/2015 12:00:00 AM,14432,B20087      ,619,13    SNOW BREAKDOWN,PLOW BLADE BOLTS,15,0,15
2111,02/13/2015 12:00:00 AM,14518,621922,212,04    DRIVER'S REPORT,NEEDS PLOW HOOK,15,0,15
2111,01/26/2015 12:00:00 AM,14322,68932,147,04    DRIVER'S REPORT,CHECK FLUIDS,14.77,0,14.77
2111,02/13/2015 12:00:00 AM,14441,68934,146,13    SNOW BREAKDOWN,PLOW GUIDE CHECK HEATED MIRRORS,14.53,0,14.53
2135,02/23/2015 12:00:00 AM,14612,170716,54,04    DRIVER'S REPORT,needs floor matts/mike k,14.49,0,14.49
2135,01/12/2015 12:00:00 AM,14231,271149,429,04    DRIVER'S REPORT,NEEDS WIPER BLADES,14.4,0,14.4
2111,03/06/2015 12:00:00 AM,14686,1227,241,13    SNOW BREAKDOWN,CHECK WIPER BLADES,14.4,0,14.4
2111,03/16/2015 12:00:00 AM,14753,1222,118,13    SNOW BREAKDOWN,CHECK WIPERS,14.4,0,14.4
2111,03/02/2015 12:00:00 AM,14627,1468,120,13    SNOW BREAKDOWN,REPLACE WIPER BLADES,14.4,0,14.4
2111,02/13/2015 12:00:00 AM,14535,A72170      ,632,04    DRIVER'S REPORT,"NEEDS WASHER FLUID ,1QT OIL",14.4,0,14.4
2111,01/22/2015 12:00:00 AM,14293,1224,222,04    DRIVER'S REPORT,NEEDS Wiper blades,14.4,0,14.4
2111,02/04/2015 12:00:00 AM,14440,B31275      ,110,13    SNOW BREAKDOWN,WIPER BLADES,14.4,0,14.4
2135,01/12/2015 12:00:00 AM,14230,D12433      ,444,04    DRIVER'S REPORT,NEEDS WIPER BLADES/KEVIN,14.4,0,14.4
2111,02/02/2015 12:00:00 AM,14445,1243,116,13    SNOW BREAKDOWN,WIPER BLADES,14.4,0,14.4
2143,01/26/2015 12:00:00 AM,14308,535231,374,04    DRIVER'S REPORT,CHECK LIGHTS,14.36,0,14.36
2111,01/07/2015 12:00:00 AM,14196,1222,118,04    DRIVER'S REPORT,HARDWARE FOR REAR SPRINGS,14.32,0,14.32
2135,01/30/2015 12:00:00 AM,14323,D12433      ,444,04    DRIVER'S REPORT,NO PLOW LIGHTS,13.86,0,13.86
2135,03/06/2015 12:00:00 AM,14762,512810,50,13    SNOW BREAKDOWN,PLOW LIGHT OUTGUIDES,13.86,0,13.86
2135,02/06/2015 12:00:00 AM,14486,Y14264      ,531,04    DRIVER'S REPORT,NEEDS  LIGHTS BULBS/,13.66,0,13.66
2111,01/06/2015 12:00:00 AM,14155,525670,232,04    DRIVER'S REPORT,HYD CAP CHECK ENGINE LIGHT ON,12.95,0,12.95
2135,02/25/2015 12:00:00 AM,14609,B71793      ,59,04    DRIVER'S REPORT,NEEDS PLOW LIGHT,12.39,0,12.39
2111,01/14/2015 12:00:00 AM,14205,D14803      ,611,40    NEGLIGENCE,lost gas cap/taken by carl,11.91,0,11.91
2111,01/30/2015 12:00:00 AM,14315,B31276      ,177,04    DRIVER'S REPORT,PLOW COUPLER,11.84,0,11.84
2111,01/26/2015 12:00:00 AM,14324,B31275      ,110,04    DRIVER'S REPORT,PLOW COUPLER,11.84,0,11.84
2143,01/13/2015 12:00:00 AM,14240,229004,379,04    DRIVER'S REPORT,RIGHT HEAD LIGHT OUT,11.81,0,11.81
2111,02/24/2015 12:00:00 AM,14313,525999,114,04    DRIVER'S REPORT,NO PLOW LIGHTS,11.79,0,11.79
2143,02/04/2015 12:00:00 AM,14455,228151,378,04    DRIVER'S REPORT,LEFT HEAD LIGHT OUT,11.7,0,11.7
2143,03/02/2015 12:00:00 AM,14334,B90933      ,34,04    DRIVER'S REPORT,PLOW PINS,11.61,0,11.61
2142,01/22/2015 12:00:00 AM,14302,48878,346,04    DRIVER'S REPORT,NEEDS A FLASHER,11.04,0,11.04
2143,02/04/2015 12:00:00 AM,14477,49328,358,04    DRIVER'S REPORT,NEEDS FLASHER,11.04,0,11.04
2143,01/15/2015 12:00:00 AM,14261,50549,360,04    DRIVER'S REPORT,NEEDS A RELAY/JIM F,11.04,0,11.04
2121,03/26/2015 12:00:00 AM,14929,348543,61,04    DRIVER'S REPORT,WASHCLASSIC 3-D CAR CAREINVOICE AD-0215$11.00,11,0,11
2141,01/20/2015 12:00:00 AM,14283,323009,384,40    NEGLIGENCE,NEEDS MIRROR/JIM F,10.94,0,10.94
2111,01/09/2015 12:00:00 AM,14212,337655,234,04    DRIVER'S REPORT,NOISE AT IDLE,10.79,0,10.79
2139,01/15/2015 12:00:00 AM,14268,131049,643,04    DRIVER'S REPORT,TOOK A CASE OF WASHER FLUID,10.74,0,10.74
2210,02/06/2015 12:00:00 AM,14496,311542,11,13    SNOW BREAKDOWN,CHECK PLOW LOW ON FLUID,10.72,0,10.72
2111,02/04/2015 12:00:00 AM,14393,337657,218,13    SNOW BREAKDOWN,SPINNER LIGHTCONVOYOR CHAIN HITTING WHEN SIDE DUMP UP,10.61,0,10.61
2200,03/02/2015 12:00:00 AM,14508,41285,47,04    DRIVER'S REPORT,NEW WIPER BLADES.FILL W/ WASH.,10.56,0,10.56
2121,02/24/2015 12:00:00 AM,14605,A97772      ,94,04    DRIVER'S REPORT,STARTER FLUID,10.47,0,10.47
2210,03/02/2015 12:00:00 AM,14597,A22003      ,623,04    DRIVER'S REPORT,NEEDS OIL,10.08,0,10.08
2111,02/27/2015 12:00:00 AM,14481,1400,227,13    SNOW BREAKDOWN,CHECK TAILGATE LOCKS,10,0,10
2135,02/04/2015 12:00:00 AM,14449,512810,50,13    SNOW BREAKDOWN,PLOW BOLTS,10,0,10
2135,02/06/2015 12:00:00 AM,14468,170716,54,13    SNOW BREAKDOWN,MISSING PLOW BOLTS,10,0,10
2135,02/09/2015 12:00:00 AM,14513,170716,54,04    DRIVER'S REPORT,car washclassic 3-dinvoice op-0115$10.00,10,0,10
2600,02/09/2015 12:00:00 AM,14512,B19043      ,2,04    DRIVER'S REPORT,CAR WASHCLASASIC 3-DINVOICE OP-0115$10.00,10,0,10
2600,01/16/2015 12:00:00 AM,14511,B00189      ,1,04    DRIVER'S REPORT,CAR WASHCLASSIC 3-D CAR CAREINVOIC EOP-0115$10.00,10,0,10
2141,03/06/2015 12:00:00 AM,14721,323009,384,04    DRIVER'S REPORT,NEEDS BRASS AIR LINE FITTINGS,10,0,10
2111,01/14/2015 12:00:00 AM,14068,195238,172,04    DRIVER'S REPORT,"SEAT BELT BUZZER KEEP GOING ON WHEN DRIVING, WILL NOT STOP",10,0,10
2111,01/09/2015 12:00:00 AM,14213,525998,217,13    SNOW BREAKDOWN,NEED BOLTS FOR SPINNER SHILD,10,0,10
2111,03/02/2015 12:00:00 AM,14431,525670,232,13    SNOW BREAKDOWN,PLOW BLADE BOLTS,10,0,10
2143,01/13/2015 12:00:00 AM,14245,49618,356,04    DRIVER'S REPORT,3 QTS 15-40 OILSHOP SUPPLYS $20.00,9.78,0,9.78
2111,03/16/2015 12:00:00 AM,14768,68937,144,13    SNOW BREAKDOWN,NEED WIPER BLADES,9.55,0,9.55
2139,03/26/2015 12:00:00 AM,14836,390513,649,04    DRIVER'S REPORT,CHECK HEAD LIGHTS,9.13,0,9.13
2111,03/02/2015 12:00:00 AM,14611,B34629      ,167,40    NEGLIGENCE,LOST KEYS,9,0,9
2111,03/16/2015 12:00:00 AM,14777,1226,117,13    SNOW BREAKDOWN,CHECK ANTIFREEZE LEVEL,9,0,9
2141,02/13/2015 12:00:00 AM,14460,B20086      ,30,13    SNOW BREAKDOWN,NEEDS WASHER FLUID/OIL,8.89,0,8.89
2111,01/30/2015 12:00:00 AM,14375,B34631      ,277,13    SNOW BREAKDOWN,CHECK LIGHTS,8.88,0,8.88
2111,01/28/2015 12:00:00 AM,14384,337658,239,04    DRIVER'S REPORT,PLOW LIGHT BULB,8.88,0,8.88
2141,02/25/2015 12:00:00 AM,14593,A81556      ,391,04    DRIVER'S REPORT,needs headlamp/jim f,8.88,0,8.88
2111,01/09/2015 12:00:00 AM,14214,1468,120,13    SNOW BREAKDOWN,SPINNER LIGHT OUT,8.82,0,8.82
2111,03/06/2015 12:00:00 AM,14570,1225,119,13    SNOW BREAKDOWN,NO SPINNER LIGHT,8.82,0,8.82
2135,02/06/2015 12:00:00 AM,14425,512606,51,13    SNOW BREAKDOWN,PLOW LIGHT OUT,8.77,0,8.77
2200,01/06/2015 12:00:00 AM,14145,212521,46,04    DRIVER'S REPORT,CHECK WIPERS & ADD WINDSHIELD WASHER FLUID,8.74,0,8.74
2111,02/19/2015 12:00:00 AM,14576,621923,211,13    SNOW BREAKDOWN,SPINNER LIGHT,8.5,0,8.5
2111,03/16/2015 12:00:00 AM,14745,621923,211,13    SNOW BREAKDOWN,CHECK WIPER BLADES,8.28,0,8.28
2530,02/06/2015 12:00:00 AM,14435,176729,408,13    SNOW BREAKDOWN,PLOW FLUID LOW,8.1,0,8.1
2530,03/26/2015 12:00:00 AM,14747,176729,408,13    SNOW BREAKDOWN,"CHECK PLOW ASSY , WILL NOT MOVE",8.1,0,8.1
2210,02/04/2015 12:00:00 AM,14447,311542,11,13    SNOW BREAKDOWN,CHECK PLOW FLUIDALIGN PLOW LIGHTS,8.1,0,8.1
2135,02/03/2015 12:00:00 AM,14458,D22892      ,451,04    DRIVER'S REPORT,NEEDS HYD FLUID FOR PLOW/BOB GREEN,8.1,0,8.1
2135,03/06/2015 12:00:00 AM,14645,D12433      ,444,13    SNOW BREAKDOWN,PLOW LOW ON FLUID,8.08,0,8.08
2111,01/23/2015 12:00:00 AM,14314,172539,105,04    DRIVER'S REPORT,CHECK OIL IN PLOW,8.08,0,8.08
2135,02/25/2015 12:00:00 AM,14621,D12433      ,444,04    DRIVER'S REPORT,needs plow fluid/allan,8.08,0,8.08
2135,03/16/2015 12:00:00 AM,14696,D12433      ,444,13    SNOW BREAKDOWN,"CHECK PLOW, WILL NOT GO UP/DOWN OR SIDE TO SIDE",8.08,0,8.08
2135,02/24/2015 12:00:00 AM,14529,D22892      ,451,04    DRIVER'S REPORT,needs plow oil,8.08,0,8.08
2135,03/27/2015 12:00:00 AM,14707,D12433      ,444,13    SNOW BREAKDOWN,CHECK PLOW PUMP FLUID,8.08,0,8.08
2135,01/30/2015 12:00:00 AM,14316,D22892      ,451,04    DRIVER'S REPORT,LEAK ON PLOW PUMP,8.08,0,8.08
2530,02/06/2015 12:00:00 AM,14485,176729,408,04    DRIVER'S REPORT,OIL FOR PLOW,8.08,0,8.08
2111,03/06/2015 12:00:00 AM,14689,1365,244,13    SNOW BREAKDOWN,CHECK/ REPLACE FLAP ON CONVEYOR DOOR,7.83,0,7.83
2143,02/25/2015 12:00:00 AM,14663,50760,362,04    DRIVER'S REPORT,NEEDS HEADLAMP/JIM FMILAGE PER JIM F,7.65,0,7.65
2210,02/24/2015 12:00:00 AM,14581,B20088      ,609,04    DRIVER'S REPORT,"NEEDS 1 QT OIL,WASHER FLUID,PLOW OIL/FRYZE",7.43,0,7.43
2143,02/04/2015 12:00:00 AM,14476,34486,355,04    DRIVER'S REPORT,NEEDS HEADLIGHT,7.42,0,7.42
2135,03/27/2015 12:00:00 AM,14930,172326,521,04    DRIVER'S REPORT,NEEDS WIPER BLADES,7.16,0,7.16
2111,01/30/2015 12:00:00 AM,14405,B39109      ,178,04    DRIVER'S REPORT,N EEDS WIPER BLADES/PETE MARTY,7.16,0,7.16
2111,03/02/2015 12:00:00 AM,14567,621922,212,13    SNOW BREAKDOWN,CONTROL PANEL LOOSE,6.99,0,6.99
2135,01/14/2015 12:00:00 AM,14236,310070,425,04    DRIVER'S REPORT,NEEDS WIPER BLADES,6.46,0,6.46
2135,01/12/2015 12:00:00 AM,14235,242480,428,04    DRIVER'S REPORT,NEEDS WIPER BLADES,6.46,0,6.46
2135,01/05/2015 12:00:00 AM,14160,157526,511,40    NEGLIGENCE,OIL CAP,5.29,0,5.29
3810,01/15/2015 12:00:00 AM,14266,21167,683,04    DRIVER'S REPORT,NEEDS REMOTE BATTERY,5.29,0,5.29
3810,03/26/2015 12:00:00 AM,14667,19676,685,04    DRIVER'S REPORT,BATTERY FOR REMOTE,5.29,0,5.29
2141,02/04/2015 12:00:00 AM,14461,965476,389,04    DRIVER'S REPORT,NO AIR PRESSURE BRKES LOCKED UP,5.11,0,5.11
2135,01/06/2015 12:00:00 AM,13962,735093,,04    DRIVER'S REPORT,SPARK PLUG SMOKING,5,0,5
2143,01/12/2015 12:00:00 AM,14228,50550,357,04    DRIVER'S REPORT,WORK LIGHTS IN REAR NOT WORKING,5,0,5
2111,01/13/2015 12:00:00 AM,14249,555361,249,04    DRIVER'S REPORT,NEEDS WASHERS/PICKED UP BY RICHIE V,5,0,5
2143,03/27/2015 12:00:00 AM,14935,50761,363,04    DRIVER'S REPORT,NEEDS ROCKER SWITCH/JIM,5,0,5
2143,02/06/2015 12:00:00 AM,14494,229004,379,04    DRIVER'S REPORT,NEEDS A QT OF OIL /JIM F,4.85,0,4.85
2135,02/25/2015 12:00:00 AM,14662,169312,424,04    DRIVER'S REPORT,needs a qt of 5w30/jim f,4.85,0,4.85
2135,02/13/2015 12:00:00 AM,14545,172326,521,04    DRIVER'S REPORT,NEEDS WASHER FLUID,4.78,0,4.78
2135,02/19/2015 12:00:00 AM,14499,138675,412,04    DRIVER'S REPORT,L/R TIRE SLOW LEAK,4.5,0,4.5
2143,01/28/2015 12:00:00 AM,14301,228151,378,04    DRIVER'S REPORT,SLOW LEAK RIGHT REAR TIRE,4.5,0,4.5
2141,03/06/2015 12:00:00 AM,14412,B20086      ,30,04    DRIVER'S REPORT,NAIL IN FRONT TIRE,4.5,0,4.5
2143,01/13/2015 12:00:00 AM,14248,901894,377,40    NEGLIGENCE,REPAIR LEFT REAR FENDER,4.49,0,4.49
2111,02/23/2015 12:00:00 AM,14553,555360,115,04    DRIVER'S REPORT,REMOVE SPREADER,4.49,0,4.49
2111,02/04/2015 12:00:00 AM,14426,1400,227,13    SNOW BREAKDOWN,NEEDS WASHER FLUID,3.58,0,3.58
2121,03/02/2015 12:00:00 AM,14706,C95215      ,92,04    DRIVER'S REPORT,NEEDS STARTING FLUID,3.49,0,3.49
2111,01/29/2015 12:00:00 AM,14400,621922,212,04    DRIVER'S REPORT,NEEDS MARKER LITE,3.06,0,3.06
2111,02/04/2015 12:00:00 AM,14478,1365,244,04    DRIVER'S REPORT,NEEDS FUEL LINE AND FUEL FILTER/MIKE KEYACK,3.04,0,3.04
2111,01/09/2015 12:00:00 AM,14209,52565,626,04    DRIVER'S REPORT,NEEDS SIGNAL BULBS /PICKED UP BY MIKE DEMASI,2.92,0,2.92
2111,03/02/2015 12:00:00 AM,14599,68933,148,01    BREAKDOWN            ***,PTO NOT WORKING AGAIN.,2.74,0,2.74
2135,03/02/2015 12:00:00 AM,14326,Y14225      ,482,04    DRIVER'S REPORT,BELTS MAKING NOISE,2.39,0,2.39
2111,03/02/2015 12:00:00 AM,14711,B39109      ,178,04    DRIVER'S REPORT,WASHER FLUID,2.39,0,2.39
2111,02/25/2015 12:00:00 AM,14577,B34631      ,277,13    SNOW BREAKDOWN,NO PLOW LIGHTSWINDOW WASHER FLUID,2.39,0,2.39
2135,03/30/2015 12:00:00 AM,14750,169312,424,13    SNOW BREAKDOWN,CHECK ALL FLUIDS,2.39,0,2.39
2111,02/13/2015 12:00:00 AM,14546,B71794      ,106,04    DRIVER'S REPORT,needs washer fluid,2.39,0,2.39
2111,02/09/2015 12:00:00 AM,14502,621910,209,04    DRIVER'S REPORT,NEEDS WASHER FLUID,1.79,0,1.79
2143,01/07/2015 12:00:00 AM,14198,B90933      ,34,04    DRIVER'S REPORT,WASHER FLUID,1.79,0,1.79
2111,02/17/2015 12:00:00 AM,14437,621921,214,13    SNOW BREAKDOWN,LOW WASHER FLUID,1.79,0,1.79
2135,01/27/2015 12:00:00 AM,14341,512810,50,04    DRIVER'S REPORT,NEEDS WASHER FLUID,1.79,0,1.79
2111,02/06/2015 12:00:00 AM,14497,621908,125,04    DRIVER'S REPORT,needs washer fluid,1.79,0,1.79
2143,01/05/2015 12:00:00 AM,14154,229004,379,04    DRIVER'S REPORT,WASHER FLUID,1.79,0,1.79
2111,01/14/2015 12:00:00 AM,14226,1364,243,04    DRIVER'S REPORT,NEEW WASHER FLUID,1.79,0,1.79
2111,01/14/2015 12:00:00 AM,14217,621923,211,04    DRIVER'S REPORT,HERMAN NEEDS WASHER FLUID,1.79,0,1.79
2111,01/28/2015 12:00:00 AM,14336,574950,215,04    DRIVER'S REPORT,NEEDS WASHER FLUID,1.79,0,1.79
2111,02/04/2015 12:00:00 AM,14413,A01350      ,183,04    DRIVER'S REPORT,NEEDS WASHER FLUID/DOM,1.79,0,1.79
2135,03/27/2015 12:00:00 AM,14791,242480,428,04    DRIVER'S REPORT,WILL NOT START &  CHECK ALL LIGHTS AS NEEDED (ROAD CALL),1.46,0,1.46
2141,01/06/2015 12:00:00 AM,14152,B20086      ,30,04    DRIVER'S REPORT,CHECK R/REAR INDICATOR,1.46,0,1.46
2135,03/16/2015 12:00:00 AM,14783,D00249      ,506,04    DRIVER'S REPORT,NEEDS TAIL LITE BULB,1.46,0,1.46
2143,02/04/2015 12:00:00 AM,14377,45477,347,13    SNOW BREAKDOWN,HYD LEAK BY PLOWBLINKER OUT,1.17,0,1.17
3810,03/27/2015 12:00:00 AM,14800,334569,675,04    DRIVER'S REPORT,WILL NOT START,0,0,0
2111,01/02/2015 12:00:00 AM,14140,B39109      ,178,04    DRIVER'S REPORT,INSTALL SPINNER ASSY,0,0,0
2111,01/03/2015 12:00:00 AM,14163,574950,215,13    SNOW BREAKDOWN,DONT START,0,0,0
2111,01/06/2015 12:00:00 AM,14164,1226,117,13    SNOW BREAKDOWN,HANDLES IN CAB LOOSE,0,0,0
2111,01/06/2015 12:00:00 AM,14165,525999,114,04    DRIVER'S REPORT,NO PLOW LIGHTS,0,0,0
2111,01/06/2015 12:00:00 AM,14172,B34632      ,276,10    ROADCALL,WILL NOT START,0,0,0
2111,01/06/2015 12:00:00 AM,14174,1469,122,10    ROADCALL,WILL NOT START,0,0,0
2111,01/06/2015 12:00:00 AM,14175,68932,147,10    ROADCALL,WILL NOT START,0,0,0
2111,01/06/2015 12:00:00 AM,14176,68933,148,10    ROADCALL,WILL NOT START,0,0,0
2111,01/06/2015 12:00:00 AM,14177,621907,208,10    ROADCALL,WILL NOT START,0,0,0
2111,01/06/2015 12:00:00 AM,14181,337657,218,04    DRIVER'S REPORT,CONVEORY NOT WORKING,0,0,0
2111,01/06/2015 12:00:00 AM,14182,D-1920      ,164,10    ROADCALL,DONT START,0,0,0
2111,01/06/2015 12:00:00 AM,14183,525998,217,10    ROADCALL,DONT START,0,0,0
2111,01/06/2015 12:00:00 AM,14184,526000,225,10    ROADCALL,DONT START,0,0,0
2111,01/06/2015 12:00:00 AM,14185,621921,214,04    DRIVER'S REPORT,CONVORY NOT WORKING,0,0,0
2111,01/07/2015 12:00:00 AM,14188,O01469      ,201,04    DRIVER'S REPORT,needs def/jim f,0,0,0
2111,01/07/2015 12:00:00 AM,14191,B34632      ,276,10    ROADCALL,DONT START,0,0,0
2111,01/13/2015 12:00:00 AM,14203,B34631      ,277,10    ROADCALL,DONT START,0,0,0
2111,01/14/2015 12:00:00 AM,14221,1629,235,13    SNOW BREAKDOWN,CONVOYOR DOOR DONT WORK,0,0,0
2111,01/14/2015 12:00:00 AM,14250,B34631      ,277,10    ROADCALL,DONT START,0,0,0
2111,01/15/2015 12:00:00 AM,14264,68932,147,10    ROADCALL,DONT START,0,0,0
2111,01/15/2015 12:00:00 AM,14267,195238,172,04    DRIVER'S REPORT,2 WAY RADIO INOP,0,0,0
2111,01/20/2015 12:00:00 AM,14193,621909,213,04    DRIVER'S REPORT,SIDE DUMP VALVE STICKING,0,0,0
2111,01/21/2015 12:00:00 AM,14286,273777,221,04    DRIVER'S REPORT,SPRAY SYS NOT WORKING,0,0,0
2111,01/24/2015 12:00:00 AM,14319,1469,122,13    SNOW BREAKDOWN,DONT START,0,0,0
2111,01/30/2015 12:00:00 AM,14320,68934,146,13    SNOW BREAKDOWN,DONT START,0,0,0
2111,01/30/2015 12:00:00 AM,14343,1222,118,13    SNOW BREAKDOWN,PLOW HANDLE LOOSE,0,0,0
2111,01/30/2015 12:00:00 AM,14345,621923,211,13    SNOW BREAKDOWN,SPINNER DONT WORK,0,0,0
2111,01/30/2015 12:00:00 AM,14351,68936,145,13    SNOW BREAKDOWN,GAS IN FUEL TANKHYD LINES UNDER CABSTROB LIGHTS,0,0,0
2111,01/30/2015 12:00:00 AM,14353,1403,226,13    SNOW BREAKDOWN,CHECK CAB LIGHTS,0,0,0
2111,01/30/2015 12:00:00 AM,14374,526000,225,04    DRIVER'S REPORT,CHECK PLOW LIGHTSAIR LEAKI IN CAB.,0,0,0
2111,02/01/2015 12:00:00 AM,14420,1402,228,13    SNOW BREAKDOWN,NO WIPERS,0,0,0
2111,02/04/2015 12:00:00 AM,14355,68935,149,13    SNOW BREAKDOWN,DICKY JOHN SYS NO GOOD,0,0,0
2111,02/04/2015 12:00:00 AM,14367,337658,239,13    SNOW BREAKDOWN,TRUCK DONT START,0,0,0
2111,02/04/2015 12:00:00 AM,14368,B34629      ,167,13    SNOW BREAKDOWN,PLOW WONT GO UP,0,0,0
2111,02/04/2015 12:00:00 AM,14421,68934,146,13    SNOW BREAKDOWN,DONT START,0,0,0
2111,02/04/2015 12:00:00 AM,14423,68933,140,13    SNOW BREAKDOWN,TAIL GATE WONT CLOSE,0,0,0
2111,02/06/2015 12:00:00 AM,14489,621923,211,40    NEGLIGENCE,SPINNER BENT,0,0,0
2111,02/09/2015 12:00:00 AM,14509,313183,10,10    ROADCALL,ROAD CALL DEAD BATTERY,0,0,0
2111,02/10/2015 12:00:00 AM,14342,1400,277,13    SNOW BREAKDOWN,HYD NOT WORKING,0,0,0
2111,02/11/2015 12:00:00 AM,14543,621924,210,04    DRIVER'S REPORT,L/S PLOW LIGHT INOP,0,0,0
2111,02/13/2015 12:00:00 AM,14524,1467,121,13    SNOW BREAKDOWN,PLOW CABLE,0,0,0
2111,02/13/2015 12:00:00 AM,14542,Y11540      ,186,13    SNOW BREAKDOWN,ROAD CALL TO BEDFORD ST CHECK BUCKET CONTROLS,0,0,0
2111,02/13/2015 12:00:00 AM,14555,555361,249,10    ROADCALL,WILL NOT START AT HIGHWAYS,0,0,0
2111,02/13/2015 12:00:00 AM,14558,555360,115,04    DRIVER'S REPORT,REMOVE SANDER,0,0,0
2111,02/19/2015 12:00:00 AM,14470,B34632      ,276,04    DRIVER'S REPORT,NO START,0,0,0
2111,02/23/2015 12:00:00 AM,14146,526000,225,04    DRIVER'S REPORT,WILL NOT TURN OVER ( CHECK STARTING SYSTEM),0,0,0
2111,02/24/2015 12:00:00 AM,14396,B34631      ,277,04    DRIVER'S REPORT,2 WAY RADIO LOOSE,0,0,0
2111,02/24/2015 12:00:00 AM,14422,337655,234,13    SNOW BREAKDOWN,NO PLOW LIGHTS,0,0,0
2111,02/24/2015 12:00:00 AM,14556,555360,115,10    ROADCALL,WILL NOT START.,0,0,0
2111,02/24/2015 12:00:00 AM,14578,1628,236,13    SNOW BREAKDOWN,NO PTO,0,0,0
2111,02/25/2015 12:00:00 AM,14565,B31275      ,110,01    BREAKDOWN            ***,BROKEN PLOW FRAMEPARTS ON EARLYER BILL,0,0,0
2111,02/25/2015 12:00:00 AM,14592,525670,232,13    SNOW BREAKDOWN,RIGHT PLOW LIGHT OUTADJUST CONVEYOR CHAININSTALL  AIMS UNIT,0,0,0
2111,02/25/2015 12:00:00 AM,14656,A00413      ,283,13    SNOW BREAKDOWN,ROAD CALL TO SCOFIELD YARDNO START,0,0,0
2111,03/02/2015 12:00:00 AM,14349,1466,124,13    SNOW BREAKDOWN,PLOW CONTROL HANDLES LOOSE,0,0,0
2111,03/02/2015 12:00:00 AM,14572,110301,607,13    SNOW BREAKDOWN,SANDER WILL NOT SPIN,0,0,0
2111,03/02/2015 12:00:00 AM,14619,B39109      ,178,13    SNOW BREAKDOWN,TAILGATE LOCKS,0,0,0
2111,03/02/2015 12:00:00 AM,14637,1365,244,13    SNOW BREAKDOWN,ROAD CALL TO SCOFIELD YARDBROKEN PLOW CABLE,0,0,0
2111,03/02/2015 12:00:00 AM,14681,1469,122,13    SNOW BREAKDOWN,ADJUST CONVEYOR CHAIN,0,0,0
2111,03/06/2015 12:00:00 AM,14525,1226,117,13    SNOW BREAKDOWN,ADJUST CONVEYOR CHAIN,0,0,0
2111,03/06/2015 12:00:00 AM,14569,68934,146,13    SNOW BREAKDOWN,NO START,0,0,0
2111,03/06/2015 12:00:00 AM,14607,B34631      ,277,13    SNOW BREAKDOWN,ROADCALL TO HIGHWAYSNO START,0,0,0
2111,03/06/2015 12:00:00 AM,14631,B00362      ,107,13    SNOW BREAKDOWN,REPAIR PLOW LIGHTS PLOW FELL OFF,0,0,0
2111,03/06/2015 12:00:00 AM,14688,B34631      ,277,13    SNOW BREAKDOWN,WILL NOT START,0,0,0
2111,03/09/2015 12:00:00 AM,14752,1629,235,13    SNOW BREAKDOWN,CHECK CONEYOR & CONTROLS FOR ADJUSTMENT,0,0,0
2111,03/09/2015 12:00:00 AM,14759,68934,146,13    SNOW BREAKDOWN,"KEY BROKEN IN IGNITION, WILL NOT START",0,0,0
2111,03/16/2015 12:00:00 AM,14654,149771,612,04    DRIVER'S REPORT,BATTERY KEEPS GOING DEAD,0,0,0
2111,03/16/2015 12:00:00 AM,14690,68934,146,13    SNOW BREAKDOWN,WILL NOT START,0,0,0
2111,03/16/2015 12:00:00 AM,14697,1629,235,13    SNOW BREAKDOWN,CONVEYOR DOES NOT WORK,0,0,0
2111,03/16/2015 12:00:00 AM,14746,1403,226,13    SNOW BREAKDOWN,CHECK SINNER & AUGER ASSY,0,0,0
2111,03/16/2015 12:00:00 AM,14767,621923,211,13    SNOW BREAKDOWN,CHECK WARNING LIGHT ON DASH,0,0,0
2111,03/26/2015 12:00:00 AM,14684,1366,242,13    SNOW BREAKDOWN,ADJUST CONVEYOR CHAIN,0,0,0
2111,03/26/2015 12:00:00 AM,14854,B34629      ,167,10    ROADCALL,DONT START,0,0,0
2111,03/27/2015 12:00:00 AM,14738,621922,212,13    SNOW BREAKDOWN,CHECK PLOW CABLES,0,0,0
2111,03/30/2015 12:00:00 AM,14834,P2135D      ,153,04    DRIVER'S REPORT,SWEEPER WATER LINE PLUGGED.,0,0,0
2111,03/30/2015 12:00:00 AM,14896,574950,215,04    DRIVER'S REPORT,CHECK ENGINE LIGHT ON.,0,0,0
2111,03/30/2015 12:00:00 AM,14932,W02240      ,179,04    DRIVER'S REPORT,WILL NOT START,0,0,0
2116,02/24/2015 12:00:00 AM,14620,146198,27,04    DRIVER'S REPORT,CHECK ENGINE LIGHT ON,0,0,0
2116,03/27/2015 12:00:00 AM,14905,645957,263,10    ROADCALL,DONT START,0,0,0
2121,01/15/2015 12:00:00 AM,14258,348543,61,29    ACCIDENT,"ACCIDENTTWIN RIDGE AUTO BODYINVOIC E13064$4,895.23",0,0,0
2135,01/05/2015 12:00:00 AM,14153,242480,428,10    ROADCALL,WILL NOT START,0,0,0
2135,01/06/2015 12:00:00 AM,14173,B71793      ,59,10    ROADCALL,WILL NOT START,0,0,0
2135,02/05/2015 12:00:00 AM,14493,170716,54,04    DRIVER'S REPORT,FUEL SYSTEM INOP,0,0,0
2135,02/24/2015 12:00:00 AM,14582,C95216      ,435,10    ROADCALL,ROAD CALL TO PARKS DEPTNO START,0,0,0
2135,02/25/2015 12:00:00 AM,14575,C95216      ,435,10    ROADCALL,NO START,0,0,0
2135,03/02/2015 12:00:00 AM,14626,512810,50,13    SNOW BREAKDOWN,ALIGN PLOW LIGHTS,0,0,0
2135,03/26/2015 12:00:00 AM,14848,B71793      ,59,10    ROADCALL,NO START,0,0,0
2135,03/27/2015 12:00:00 AM,14748,524,495,13    SNOW BREAKDOWN,CHECK FLAT TIRE ON TRAILER (PRIORITY 1 PER SCACCO ),0,0,0
2137,01/06/2015 12:00:00 AM,14135,579138,21,04    DRIVER'S REPORT,WILL NOT START (BELL ST GARAGE),0,0,0
2139,01/15/2015 12:00:00 AM,14260,181580,642,04    DRIVER'S REPORT,REPLACE DRIVER DOOR PANNEL [WARRANTY],0,0,0
2139,01/26/2015 12:00:00 AM,14327,131049,643,13    SNOW BREAKDOWN,PUT REAR CHAINS ON,0,0,0
2139,01/26/2015 12:00:00 AM,14332,131050,651,04    DRIVER'S REPORT,PUT ON TIRE CHAINS,0,0,0
2139,01/30/2015 12:00:00 AM,14383,131050,658,13    SNOW BREAKDOWN,TAKE OFF CHAINSWIPER BLADES,0,0,0
2139,02/03/2015 12:00:00 AM,14363,166478,68,13    SNOW BREAKDOWN,PUT ON TIRE CHAINS,0,0,0
2139,02/04/2015 12:00:00 AM,14439,131050,651,13    SNOW BREAKDOWN,PUT TIRE CHAINS ON,0,0,0
2139,02/06/2015 12:00:00 AM,14448,166478,68,13    SNOW BREAKDOWN,INSTALL TIRE CHAINS,0,0,0
2139,02/06/2015 12:00:00 AM,14469,166478,68,13    SNOW BREAKDOWN,REMOVE TIRE CHAINS,0,0,0
2139,02/24/2015 12:00:00 AM,14325,B00195      ,646,04    DRIVER'S REPORT,CHECK POWER STEERING,0,0,0
2139,02/25/2015 12:00:00 AM,14595,B00196      ,652,04    DRIVER'S REPORT,AIMS FUEL SYSTEM NOT WORKING.,0,0,0
2139,03/02/2015 12:00:00 AM,14635,166479,67,13    SNOW BREAKDOWN,REMOVE TIRE CHAINS,0,0,0
2139,03/06/2015 12:00:00 AM,14692,166479,67,13    SNOW BREAKDOWN,INSTALL TIRE CHAINS,0,0,0
2141,01/20/2015 12:00:00 AM,14241,626179,390,10    ROADCALL,DONT START,0,0,0
2141,02/24/2015 12:00:00 AM,14510,965476,389,04    DRIVER'S REPORT,BRAKES NOT HOLDING,0,0,0
2143,01/07/2015 12:00:00 AM,14008,B20091      ,35,04    DRIVER'S REPORT,"CHECK RADIO ,DOES NOT WORK..REPLACE 2 WAY",0,0,0
2143,01/20/2015 12:00:00 AM,14287,27571,366,04    DRIVER'S REPORT,CHECK PARKING BRAKERIGHT SIDE MIRROR LOSE,0,0,0
2143,02/13/2015 12:00:00 AM,14563,50552,359,04    DRIVER'S REPORT,REAR VIEW CAMERA INOP,0,0,0
2143,02/17/2015 12:00:00 AM,14472,50551,361,04    DRIVER'S REPORT,LEFT REAR LIGHT FELL OUT,0,0,0
2143,02/17/2015 12:00:00 AM,14561,901894,377,04    DRIVER'S REPORT,2 WAY RADIO CUTS IN AND OUT,0,0,0
2143,02/24/2015 12:00:00 AM,14487,48877,373,04    DRIVER'S REPORT,2 WAY RADIO INOPL/S TOTER BRACKETREAR CAMERA,0,0,0
2143,03/09/2015 12:00:00 AM,14492,50761,363,04    DRIVER'S REPORT,2 WAY RADIO,0,0,0
2143,03/27/2015 12:00:00 AM,14827,49618,356,04    DRIVER'S REPORT,TAILGATE SENSOR DO NOT WORK (BEEPS),0,0,0
2200,01/14/2015 12:00:00 AM,14252,205786,29,04    DRIVER'S REPORT,DRIVER DOOR DONT CLOSE,0,0,0
2210,02/24/2015 12:00:00 AM,14357,311542,11,13    SNOW BREAKDOWN,PLOW LIGHTS,0,0,0
2340,02/24/2015 12:00:00 AM,14598,334872,44,10    ROADCALL,CHECK ENGINE LIGHT ON.,0,0,0
2530,02/17/2015 12:00:00 AM,14547,168849,78,10    ROADCALL,ROAD CALL TO GOVERMENT CENTERWILL NOT START,0,0,0
2600,01/20/2015 12:00:00 AM,14276,B00189      ,1,04    DRIVER'S REPORT,FRONT RIGHT TIRE SLOW LEAKFILL WITH GASGET CAR CLEAN,0,0,0
3810,01/06/2015 12:00:00 AM,14168,142162,688,04    DRIVER'S REPORT,CHECK AIR PRESS IN TIRES,0,0,0
3810,02/04/2015 12:00:00 AM,14310,334522,681,04    DRIVER'S REPORT,CHECK AIR PEESS IN TIRES,0,0,0
